scopus_id,identity,doi,title,year,journal,article_url,current_geography,credited_author_ids,credited_researchers,n_credited_pool_authors,n_top50_total_authors,n_top50_us_authors,n_total_leaders_including_cutoff_ties,top50_tied_pairs_broken_if_us,top50_new_ties_if_us,leader114_tied_pairs_broken_if_us,leader114_new_ties_if_us,pool120_tied_pairs_broken_if_us,pool120_new_ties_if_us,maximum_current_us_count,minimum_current_total_rank,available_historical_inbox_pdf,user_download_status,existing_followup,prior_automatic_acquisition_status,latest_priority_round_status,prior_open_location_url,review_action,interpretation,new_top50_tied_pairs_covered_at_selection,queue_position,download_batch,download_position,suggested_filename
84872322437,SCOPUS_ID:84872322437,,Why commuting is no perfect solution: Preferences for different mobility forms in dual career couples,2012,Zeitschrift Fur Familienforschung,https://www.scopus.com/record/display.uri?eid=2-s2.0-84872322437,unclear,17345249500,Martin Abraham,1,1,0,1,19,14,19,14,19,14,0,38,false,,,manual_download_needed,,,Obtain methods/sampling pages or a source-verified country statement,Hypothetical US-positive resolution of this one article; no estimated probability and no change to total article counts,18,2,1,1,84872322437.pdf
84894591630,doi:10.1080/00224545.2013.872595,10.1080/00224545.2013.872595,With a little help from my friends: Bystander context and children's attitude toward peer helping,2014,Journal of Social Psychology,https://doi.org/10.1080/00224545.2013.872595,unclear,7006059165,Maykel Verkuyten,1,1,0,1,19,14,19,14,19,14,0,10,false,,,manual_download_needed,,,Obtain methods/sampling pages or a source-verified country statement,Hypothetical US-positive resolution of this one article; no estimated probability and no change to total article counts,17,3,1,2,84894591630.pdf
84907487526,doi:10.1016/j.ssresearch.2014.08.017,10.1016/j.ssresearch.2014.08.017,Three experimental approaches to measure the social context dependence of prejudice communication and discriminatory behavior,2015,Social Science Research,https://doi.org/10.1016/j.ssresearch.2014.08.017,unclear,23982874600,Ulf Liebe,1,1,0,1,19,14,19,14,19,14,0,38,false,,,manual_download_needed,,,Obtain methods/sampling pages or a source-verified country statement,Hypothetical US-positive resolution of this one article; no estimated probability and no change to total article counts,16,4,1,3,84907487526.pdf
85125126673,doi:10.1016/j.vaccine.2022.02.033,10.1016/j.vaccine.2022.02.033,The correlates and dynamics of COVID-19 vaccine-specific hesitancy,2022,Vaccine,https://doi.org/10.1016/j.vaccine.2022.02.033,unclear,15757402700|57201338729,Peter John Loewen; Merkley E.,2,0,0,2,16,6,24,24,24,26,1,53,false,,,manual_download_needed,,https://www.ncbi.nlm.nih.gov/pmc/articles/8850099,Obtain methods/sampling pages or a source-verified country statement,Hypothetical US-positive resolution of this one article; no estimated probability and no change to total article counts,16,5,1,4,85125126673.pdf
85113817293,doi:10.1111/imig.12916,10.1111/imig.12916,The effects of negative and positive information on attitudes towards immigration,2022,International Migration,https://doi.org/10.1111/imig.12916,unclear,55091186500,Yoshikuni Ono,1,1,0,1,19,14,19,14,19,14,0,16,false,,,manual_download_needed,,,Obtain methods/sampling pages or a source-verified country statement,Hypothetical US-positive resolution of this one article; no estimated probability and no change to total article counts,14,7,1,5,85113817293.pdf
85158001358,doi:10.1111/padm.12932,10.1111/padm.12932,Promoting Citizens' willingness to participate in coproduction in public service through information frames,2024,Public Administration,https://doi.org/10.1111/padm.12932,unclear,57191360465,Jinfeng Zhang,1,1,0,1,19,14,19,14,19,14,0,38,false,,,manual_download_needed,,https://onlinelibrary.wiley.com/doi/pdfdirect/10.1111/padm.12932,Obtain methods/sampling pages or a source-verified country statement,Hypothetical US-positive resolution of this one article; no estimated probability and no change to total article counts,13,8,1,6,85158001358.pdf
84918780367,doi:10.1080/14719037.2013.798027,10.1080/14719037.2013.798027,Benchmarks and Citizen Judgments of Local Government Performance: Findings from a survey experiment,2015,Public Management Review,https://doi.org/10.1080/14719037.2013.798027,unclear,7003787305,Gregg G. Van Ryzin,1,1,1,1,11,10,11,10,11,10,7,10,false,,,manual_download_needed,awaiting_alternative_copy,,"Await an alternative manuscript or lawful copy; user cannot obtain Taylor & Francis papers, so do not repeat the publisher download request",Hypothetical US-positive resolution of this one article; no estimated probability and no change to total article counts,11,9,1,7,84918780367.pdf
105019779764,doi:10.1177/00323217251382336,10.1177/00323217251382336,Public Budget Cuts: Political Communication Strategies and Citizen Reactions,2025,Political Studies,https://doi.org/10.1177/00323217251382336,unclear,25224644900,Rasmus Tue Pedersen,1,1,0,1,13,13,13,12,13,13,1,5,false,,,manual_download_needed,,,Obtain methods/sampling pages or a source-verified country statement,Hypothetical US-positive resolution of this one article; no estimated probability and no change to total article counts,11,10,1,8,105019779764.pdf
84945247501,doi:10.1007/s11109-015-9321-9,10.1007/s11109-015-9321-9,When is Changing Policy Positions Costly for Politicians? Experimental Evidence,2016,Political Behavior,https://doi.org/10.1007/s11109-015-9321-9,unclear,35745930100,David Doherty,1,1,1,1,11,10,11,10,11,10,7,33,false,,,manual_download_needed,,,Obtain methods/sampling pages or a source-verified country statement,Hypothetical US-positive resolution of this one article; no estimated probability and no change to total article counts,10,11,1,9,84945247501.pdf
84908021986,doi:10.1016/j.econlet.2014.09.020,10.1016/j.econlet.2014.09.020,Is ethnic discrimination due to distaste or statistics?,2014,Economics Letters,https://doi.org/10.1016/j.econlet.2014.09.020,unclear,55746145800,Stijn Baert,1,1,0,1,13,13,13,12,13,13,1,38,false,,complete article,partial_abstract_only,,https://www.sciencedirect.com/science/article/pii/S0165176514003565,Obtain methods/sampling pages or a source-verified country statement,Hypothetical US-positive resolution of this one article; no estimated probability and no change to total article counts,10,12,1,10,84908021986.pdf
85051013258,doi:10.1111/psq.12273,10.1111/psq.12273,"Control, Accountability, and Constraints: Rethinking Perceptions of Presidential Responsibility for the Economy",2016,Presidential Studies Quarterly,https://doi.org/10.1111/psq.12273,unclear,56611317200,John V. Kane,1,1,1,1,11,10,11,10,11,10,7,38,false,,,manual_download_needed,,,Obtain methods/sampling pages or a source-verified country statement,Hypothetical US-positive resolution of this one article; no estimated probability and no change to total article counts,9,13,2,11,85051013258.pdf
85020188394,doi:10.1111/ajps.12314,10.1111/ajps.12314,A Bottom-Up Theory of Public Opinion about Foreign Policy,2017,American Journal of Political Science,https://doi.org/10.1111/ajps.12314,unclear,35492113000,Thomas Zeitzoff,1,1,0,1,13,13,13,12,13,13,1,38,false,,,manual_download_needed,,,Obtain methods/sampling pages or a source-verified country statement,Hypothetical US-positive resolution of this one article; no estimated probability and no change to total article counts,9,15,2,12,85020188394.pdf
105001181982,doi:10.1017/pan.2025.3,10.1017/pan.2025.3,Priming Bias Versus Post-Treatment Bias in Experimental Designs,2025,Political Analysis,https://doi.org/10.1017/pan.2025.3,unclear,36159270600,Teppei Yamamoto,1,1,0,1,9,13,6,11,9,13,3,33,false,,,manual_download_needed,,,Obtain methods/sampling pages or a source-verified country statement,Hypothetical US-positive resolution of this one article; no estimated probability and no change to total article counts,9,16,2,13,105001181982.pdf
85060884767,doi:10.1080/07418825.2018.1531142,10.1080/07418825.2018.1531142,"Prospect Theory and Criminal Choice: Experiments Testing Framing, Reference Dependence, and Decision Weights",2020,Justice Quarterly,https://doi.org/10.1080/07418825.2018.1531142,unclear,38061940400,Justin T. Pickett,1,1,1,1,9,5,9,5,9,5,8,22,false,,,manual_download_needed,,,Obtain methods/sampling pages or a source-verified country statement,Hypothetical US-positive resolution of this one article; no estimated probability and no change to total article counts,8,17,2,14,85060884767.pdf
85193819898,doi:10.1086/729946,10.1086/729946,Social Group Appeals in Party Rhetoric: Effects on Policy Support and Polarization,2024,Journal of Politics,https://doi.org/10.1086/729946,unclear,37065230200,Markus Wagner,1,1,0,1,13,13,13,12,13,13,1,5,false,,,manual_download_needed,,https://madoc.bib.uni-mannheim.de/66750/,Obtain methods/sampling pages or a source-verified country statement,Hypothetical US-positive resolution of this one article; no estimated probability and no change to total article counts,8,18,2,15,85193819898.pdf
84940214050,doi:10.1111/puar.12325,10.1111/puar.12325,Activating the Forces of Public Service Motivation: Evidence from a Low-Intensity Randomized Survey Experiment,2015,Public Administration Review,https://doi.org/10.1111/puar.12325,unclear,56734108300,Mogens Jin Pedersen,1,1,0,1,9,13,6,11,9,13,3,16,false,,,manual_download_needed,,,Obtain methods/sampling pages or a source-verified country statement,Hypothetical US-positive resolution of this one article; no estimated probability and no change to total article counts,8,19,2,16,84940214050.pdf
105010718991,doi:10.1093/isq/sqaf051,10.1093/isq/sqaf051,Good Enough? Public Perceptions of Success in Military Interventions,2025,International Studies Quarterly,https://doi.org/10.1093/isq/sqaf051,unclear,57188971604,Sarah R. Maxey,1,0,1,1,11,10,11,10,11,10,7,53,false,,,manual_download_needed,,,Obtain methods/sampling pages or a source-verified country statement,Hypothetical US-positive resolution of this one article; no estimated probability and no change to total article counts,8,20,2,17,105010718991.pdf
85124170048,doi:10.1093/isq/sqab062,10.1093/isq/sqab062,Liberal Ideology and Foreign Opinion on China,2021,International Studies Quarterly,https://doi.org/10.1093/isq/sqab062,unclear,57203528227,Jonathan A. Chu,1,1,1,1,9,5,9,5,9,5,8,22,false,,,manual_download_needed,,https://doi.org/10.1093/isq/sqab062,Obtain methods/sampling pages or a source-verified country statement,Hypothetical US-positive resolution of this one article; no estimated probability and no change to total article counts,7,21,2,18,85124170048.pdf
105006979320,doi:10.1177/13591053251338341,10.1177/13591053251338341,"Managing per- and polyfluoroalkyl substances (PFAS) risk amid uncertainty: Personal relevance, conflicting information, and communication behaviors",2026,Journal of Health Psychology,https://doi.org/10.1177/13591053251338341,unclear,57190437914,Yang J.,1,1,1,1,7,7,7,7,7,7,5,5,false,,,not_previously_checked,needs_manual_download,,Obtain methods/sampling pages or a source-verified country statement,Hypothetical US-positive resolution of this one article; no estimated probability and no change to total article counts,7,22,2,19,105006979320.pdf
85130898035,doi:10.1111/ajps.12710,10.1111/ajps.12710,Abstraction and Detail in Experimental Design,2023,American Journal of Political Science,https://doi.org/10.1111/ajps.12710,unclear,56556884300,Ryan Brutger,1,1,1,1,9,5,9,5,9,5,8,38,false,,,manual_download_needed,,,Obtain methods/sampling pages or a source-verified country statement,Hypothetical US-positive resolution of this one article; no estimated probability and no change to total article counts,6,23,2,20,85130898035.pdf
105008067194,doi:10.1177/01902725251331032,10.1177/01902725251331032,"Affect, Efficacy, and Protest Intentions: Testing a Multilevel, Dual-Pathway Model of Collective Action",2025,Social Psychology Quarterly,https://doi.org/10.1177/01902725251331032,unclear,36775562800,Blaine G. Robbins,1,1,1,1,6,12,6,12,6,12,6,10,false,,,manual_download_needed,needs_manual_download,,Obtain methods/sampling pages or a source-verified country statement,Hypothetical US-positive resolution of this one article; no estimated probability and no change to total article counts,6,25,3,21,105008067194.pdf
85200455835,doi:10.1080/19331681.2024.2370815,10.1080/19331681.2024.2370815,Self-interest and preferences for the regulation of artificial intelligence,2025,Journal of Information Technology and Politics,https://doi.org/10.1080/19331681.2024.2370815,unclear,55603014300,Tobias Heinrich,1,1,1,1,9,5,9,5,9,5,8,38,false,,,manual_download_needed,,https://www.tandfonline.com/doi/pdf/10.1080/19331681.2024.2370815?needAccess=true,Obtain methods/sampling pages or a source-verified country statement,Hypothetical US-positive resolution of this one article; no estimated probability and no change to total article counts,5,26,3,22,85200455835.pdf
85053665784,doi:10.1111/pops.12495,10.1111/pops.12495,The Scope of Partisan Influence on Policy Opinion,2019,Political Psychology,https://doi.org/10.1111/pops.12495,unclear,55612017400,Erik Peterson,1,1,1,1,6,12,6,12,6,12,6,38,false,,,manual_download_needed,,,Obtain methods/sampling pages or a source-verified country statement,Hypothetical US-positive resolution of this one article; no estimated probability and no change to total article counts,5,27,3,23,85053665784.pdf
105007228428,doi:10.1111/1745-9125.12403,10.1111/1745-9125.12403,Seeing the state in action: Public preferences about and judgments of common police–civilian interactions,2025,Criminology,https://doi.org/10.1111/1745-9125.12403,unclear,57217457882,Gregory A. Huber,1,1,1,1,4,3,4,3,4,3,9,16,false,,,manual_download_needed,,https://onlinelibrary.wiley.com/doi/pdfdirect/10.1111/1745-9125.12403,Obtain methods/sampling pages or a source-verified country statement,Hypothetical US-positive resolution of this one article; no estimated probability and no change to total article counts,4,29,3,24,105007228428.pdf
105000168854,doi:10.3102/00028312251315740,10.3102/00028312251315740,Assessing the Impact of Informational Interventions on Perceptions of School Quality,2025,American Educational Research Journal,https://doi.org/10.3102/00028312251315740,unclear,57220203816,Kaylyn Jackson Schiff,1,0,1,1,7,7,7,7,7,7,5,83,false,,,manual_download_needed,,,Obtain methods/sampling pages or a source-verified country statement,Hypothetical US-positive resolution of this one article; no estimated probability and no change to total article counts,4,30,3,25,105000168854.pdf
85048745799,doi:10.1177/2053168016654326,10.1177/2053168016654326,Exploring the difference in participants’ factual knowledge between online and in-person survey modes,2016,Research and Politics,https://doi.org/10.1177/2053168016654326,unclear,55461249300,Craig M. Burnett,1,0,1,1,6,12,6,12,6,12,6,83,false,,,manual_download_needed,,https://journals.sagepub.com/doi/pdf/10.1177/2053168016654326,Obtain methods/sampling pages or a source-verified country statement,Hypothetical US-positive resolution of this one article; no estimated probability and no change to total article counts,4,31,3,26,85048745799.pdf
85119058426,doi:10.1257/pol.20190276,10.1257/pol.20190276,Why Are Relatively Poor People Not More Supportive of Redistribution? Evidence from a Randomized Survey Experiment across Ten Countries†,2021,American Economic Journal Economic Policy,https://doi.org/10.1257/pol.20190276,unclear,57226018577,Christopher Hoy,1,0,0,1,8,3,13,12,13,13,1,53,false,,,manual_download_needed,,,Obtain methods/sampling pages or a source-verified country statement,Hypothetical US-positive resolution of this one article; no estimated probability and no change to total article counts,4,32,3,27,85119058426.pdf
85043332442,doi:10.1177/1065912917738579,10.1177/1065912917738579,Visual Information and Candidate Evaluations: The Influence of Feminine and Masculine Images on Support for Female Candidates,2018,Political Research Quarterly,https://doi.org/10.1177/1065912917738579,unclear,54881904100,Nichole M. Bauer,1,1,1,1,4,3,4,3,4,3,9,16,false,,,manual_download_needed,,,Obtain methods/sampling pages or a source-verified country statement,Hypothetical US-positive resolution of this one article; no estimated probability and no change to total article counts,3,34,3,28,85043332442.pdf
85095133927,doi:10.1177/2378023120967199,10.1177/2378023120967199,When Is Retaliation Respected? Status and Vengefulness in Intergroup and Interpersonal Contexts,2020,Socius,https://doi.org/10.1177/2378023120967199,unclear,55636964600,Long Doan,1,0,1,1,6,12,6,12,6,12,6,83,false,,,manual_download_needed,,https://journals.sagepub.com/doi/pdf/10.1177/2378023120967199,Obtain methods/sampling pages or a source-verified country statement,Hypothetical US-positive resolution of this one article; no estimated probability and no change to total article counts,3,36,3,29,85095133927.pdf
84946492047,doi:10.1007/s11109-015-9303-y,10.1007/s11109-015-9303-y,An Experimental Approach to Economic Voting,2015,Political Behavior,https://doi.org/10.1007/s11109-015-9303-y,unclear,55135830500,Gábor Simonovits,1,0,0,1,3,2,11,7,12,10,2,83,false,,,manual_download_needed,,,Obtain methods/sampling pages or a source-verified country statement,Hypothetical US-positive resolution of this one article; no estimated probability and no change to total article counts,3,39,3,30,84946492047.pdf
85088856469,doi:10.1080/14719037.2020.1798708,10.1080/14719037.2020.1798708,Reporting multiple dimensions of public service performance: information order effects on citizens’ willingness to use services,2022,Public Management Review,https://doi.org/10.1080/14719037.2020.1798708,unclear,7102332636,Oliver James,1,0,0,0,3,2,0,0,12,10,2,115,false,,,manual_download_needed,,,Obtain methods/sampling pages or a source-verified country statement,Hypothetical US-positive resolution of this one article; no estimated probability and no change to total article counts,3,41,4,31,85088856469.pdf
85059103503,doi:10.1177/1532673x18803887,10.1177/1532673x18803887,Information and Issue Constraints on Party Cues,2019,American Politics Research,https://doi.org/10.1177/1532673x18803887,unclear,37063497400,Kevin J. Mullinix,1,1,1,1,4,3,4,3,4,3,9,22,false,,,manual_download_needed,,,Obtain methods/sampling pages or a source-verified country statement,Hypothetical US-positive resolution of this one article; no estimated probability and no change to total article counts,2,42,4,32,85059103503.pdf
85012118612,doi:10.1175/wcas-d-16-0012.1,10.1175/wcas-d-16-0012.1,The conditional nature of the local warming effect,2017,Weather Climate and Society,https://doi.org/10.1175/wcas-d-16-0012.1,unclear,6603696960,James N. Druckman,1,1,1,1,2,1,2,1,2,1,10,22,false,,,manual_download_needed,,,Obtain methods/sampling pages or a source-verified country statement,Hypothetical US-positive resolution of this one article; no estimated probability and no change to total article counts,2,43,4,33,85012118612.pdf
85177488077,doi:10.1093/pnasnexus/pgad206,10.1093/pnasnexus/pgad206,How membership in the North Atlantic Treaty Organization transforms public support for war,2023,Pnas Nexus,https://doi.org/10.1093/pnasnexus/pgad206,unclear,6505910383,Michael Tomz,1,0,1,1,7,7,7,7,7,7,5,83,false,,,manual_download_needed,,https://academic.oup.com/pnasnexus/article-pdf/2/7/pgad206/50789652/pgad206.pdf,Obtain methods/sampling pages or a source-verified country statement,Hypothetical US-positive resolution of this one article; no estimated probability and no change to total article counts,2,44,4,34,85177488077.pdf
85205594046,doi:10.1038/s41586-024-07942-8,10.1038/s41586-024-07942-8,Differences in misinformation sharing can lead to politically asymmetric sanctions,2024,Nature,https://doi.org/10.1038/s41586-024-07942-8,unclear,23095594600,David G. Rand,1,1,1,1,2,1,2,1,2,1,10,10,false,,,manual_download_needed,,https://www.nature.com/articles/s41586-024-07942-8.pdf,Obtain methods/sampling pages or a source-verified country statement,Hypothetical US-positive resolution of this one article; no estimated probability and no change to total article counts,1,47,4,35,85205594046.pdf
85100751141,doi:10.1177/0022002720987285,10.1177/0022002720987285,Private Eyes in the Sky: Emerging Technology and the Political Consequences of Eroding Government Secrecy,2021,Journal of Conflict Resolution,https://doi.org/10.1177/0022002720987285,unclear,23479932300,Erik Lin-Greenberg,1,0,1,1,6,12,6,12,6,12,6,83,false,,,manual_download_needed,,https://papers.ssrn.com/sol3/papers.cfm?abstract_id=3745737,Obtain methods/sampling pages or a source-verified country statement,Hypothetical US-positive resolution of this one article; no estimated probability and no change to total article counts,1,49,4,36,85100751141.pdf
105035149198,doi:10.1080/10967494.2026.2648235,10.1080/10967494.2026.2648235,Coproduction encouragement can backfire: evidence from randomized controlled trials,2026,International Public Management Journal,https://doi.org/10.1080/10967494.2026.2648235,unclear,56689411500,Mette Kjærgaard Thomsen,1,0,0,1,8,8,19,14,19,14,0,53,false,,,manual_download_needed,,https://www.tandfonline.com/doi/pdf/10.1080/10967494.2026.2648235?needAccess=true,Obtain methods/sampling pages or a source-verified country statement,Hypothetical US-positive resolution of this one article; no estimated probability and no change to total article counts,1,50,4,37,105035149198.pdf
85019003064,doi:10.1177/0032321716667956,10.1177/0032321716667956,Legitimacy from Decision-Making Influence and Outcome Favourability: Results from General Population Survey Experiments,2017,Political Studies,https://doi.org/10.1177/0032321716667956,unclear,50861069700,Sveinung Arnesen,1,0,0,1,8,8,19,14,19,14,0,53,false,,,manual_download_needed,,https://journals.sagepub.com/doi/pdf/10.1177/0032321716667956,Obtain methods/sampling pages or a source-verified country statement,Hypothetical US-positive resolution of this one article; no estimated probability and no change to total article counts,1,51,4,38,85019003064.pdf
85024131036,doi:10.1177/0049124115591016,10.1177/0049124115591016,First Equals Most Important? Order Effects in Vignette-Based Measurement,2017,Sociological Methods and Research,https://doi.org/10.1177/0049124115591016,unclear,17345075500,Katrin Auspurg,1,0,0,1,8,8,19,14,19,14,0,53,false,,,manual_download_needed,,,Obtain methods/sampling pages or a source-verified country statement,Hypothetical US-positive resolution of this one article; no estimated probability and no change to total article counts,1,52,4,39,85024131036.pdf
85156243509,doi:10.18148/srm/2023.v17i1.8010,10.18148/srm/2023.v17i1.8010,"Puzzling Answers to Crosswise Questions: Examining Overall Prevalence Rates, Response Order Effects, and Learning Effects",2023,Survey Research Methods,https://doi.org/10.18148/srm/2023.v17i1.8010,unclear,7003772257,Thomas Hinz,1,0,0,1,8,8,19,14,19,14,0,83,false,,,manual_download_needed,,,Obtain methods/sampling pages or a source-verified country statement,Hypothetical US-positive resolution of this one article; no estimated probability and no change to total article counts,1,53,4,40,85156243509.pdf
84963994831,doi:10.1080/10967494.2016.1143425,10.1080/10967494.2016.1143425,"How Citizens Respond to Outputs, Outcomes, and Costs: A Survey Experiment About an HIV/AIDS Program",2017,International Public Management Journal,https://doi.org/10.1080/10967494.2016.1143425,unclear,7003787305,Gregg G. Van Ryzin,1,1,1,1,11,10,11,10,11,10,7,10,false,,,manual_download_needed,,,Obtain methods/sampling pages or a source-verified country statement,Hypothetical US-positive resolution of this one article; no estimated probability and no change to total article counts,0,55,5,41,84963994831.pdf
85067581830,doi:10.1080/14719037.2019.1619812,10.1080/14719037.2019.1619812,Coproduction and trust in government: evidence from survey experiments,2019,Public Management Review,https://doi.org/10.1080/14719037.2019.1619812,unclear,7003787305,Gregg G. Van Ryzin,1,1,1,1,11,10,11,10,11,10,7,10,false,,,manual_download_needed,,,Obtain methods/sampling pages or a source-verified country statement,Hypothetical US-positive resolution of this one article; no estimated probability and no change to total article counts,0,56,5,42,85067581830.pdf
85069695771,doi:10.1111/lsq.12252,10.1111/lsq.12252,The Effects of Blaming Others for Legislative Inaction on Individual and Collective Evaluations,2020,Legislative Studies Quarterly,https://doi.org/10.1111/lsq.12252,unclear,35745930100,David Doherty,1,1,1,1,11,10,11,10,11,10,7,33,false,,,manual_download_needed,,,Obtain methods/sampling pages or a source-verified country statement,Hypothetical US-positive resolution of this one article; no estimated probability and no change to total article counts,0,57,5,43,85069695771.pdf
85086600850,doi:10.1017/xps.2019.2,10.1017/xps.2019.2,Campaign mailers and intent to turnout: Do similar field and survey experiments yield the same conclusions?,2020,Journal of Experimental Political Science,https://doi.org/10.1017/xps.2019.2,unclear,35745930100,David Doherty,1,1,1,1,11,10,11,10,11,10,7,33,false,,,manual_download_needed,,https://www.cambridge.org/core/services/aop-cambridge-core/content/view/376A346318AEA473777DAB812C4A892F/S2052263019000022a.pdf/div-class-title-campaign-mailers-and-intent-to-turnout-do-similar-field-and-survey-experiments-yield-the-same-conclusions-div.pdf,Obtain methods/sampling pages or a source-verified country statement,Hypothetical US-positive resolution of this one article; no estimated probability and no change to total article counts,0,58,5,44,85086600850.pdf
85096111198,doi:10.1080/15309576.2020.1835679,10.1080/15309576.2020.1835679,Evidence of an Output Bias in the Judgment of Public Performance: A Replication and Extension,2021,Public Performance and Management Review,https://doi.org/10.1080/15309576.2020.1835679,unclear,7003787305,Gregg G. Van Ryzin,1,1,1,1,11,10,11,10,11,10,7,10,false,,,manual_download_needed,,,Obtain methods/sampling pages or a source-verified country statement,Hypothetical US-positive resolution of this one article; no estimated probability and no change to total article counts,0,59,5,45,85096111198.pdf
85091202562,doi:10.1080/07418825.2020.1821086,10.1080/07418825.2020.1821086,Body-Worn Cameras and Transparency: Experimental Evidence of Inconsistency in Police Executive Decision-Making,2022,Justice Quarterly,https://doi.org/10.1080/07418825.2020.1821086,unclear,38061940400,Justin T. Pickett,1,1,1,1,9,5,9,5,9,5,8,22,false,,,manual_download_needed,,,Obtain methods/sampling pages or a source-verified country statement,Hypothetical US-positive resolution of this one article; no estimated probability and no change to total article counts,0,61,5,46,85091202562.pdf
85170289998,doi:10.1093/fpa/orad018,10.1093/fpa/orad018,"Malicious Motives or Innocent Intentions? How Moral Reactions to ""Collateral Damage"" Shape Perceptions of Intent in Wartime Conduct",2023,Foreign Policy Analysis,https://doi.org/10.1093/fpa/orad018,unclear,57203528227,Jonathan A. Chu,1,1,1,1,9,5,9,5,9,5,8,22,false,,,manual_download_needed,,,Obtain methods/sampling pages or a source-verified country statement,Hypothetical US-positive resolution of this one article; no estimated probability and no change to total article counts,0,62,5,47,85170289998.pdf
84983314158,doi:10.1177/0190272516657546,10.1177/0190272516657546,"Probing the Links Between Trustworthiness, Trust, and Emotion: Evidence From Four Survey Experiments",2016,Social Psychology Quarterly,https://doi.org/10.1177/0190272516657546,unclear,36775562800,Blaine G. Robbins,1,1,1,1,6,12,6,12,6,12,6,10,false,,,manual_download_needed,,,Obtain methods/sampling pages or a source-verified country statement,Hypothetical US-positive resolution of this one article; no estimated probability and no change to total article counts,0,71,5,48,84983314158.pdf
85033780100,doi:10.1177/1043463117734179,10.1177/1043463117734179,"Status, identity, and ability in the formation of trust",2017,Rationality and Society,https://doi.org/10.1177/1043463117734179,unclear,36775562800,Blaine G. Robbins,1,1,1,1,6,12,6,12,6,12,6,10,false,,,manual_download_needed,,,Obtain methods/sampling pages or a source-verified country statement,Hypothetical US-positive resolution of this one article; no estimated probability and no change to total article counts,0,72,5,49,85033780100.pdf
85033788510,doi:10.1177/2378023116667360,10.1177/2378023116667360,When Social Constraints Increase Trust: Considering Causal Attributions as a Source of Treatment Effect Heterogeneity,2016,Socius,https://doi.org/10.1177/2378023116667360,unclear,36775562800,Blaine G. Robbins,1,1,1,1,6,12,6,12,6,12,6,10,false,,,manual_download_needed,,https://doi.org/10.1177/2378023116667360,Obtain methods/sampling pages or a source-verified country statement,Hypothetical US-positive resolution of this one article; no estimated probability and no change to total article counts,0,73,5,50,85033788510.pdf
85044032298,doi:10.1177/1043463118759671,10.1177/1043463118759671,Legitimate authorities and rational taxpayers: An investigation of voluntary compliance and method effects in a survey experiment of income tax evasion,2018,Rationality and Society,https://doi.org/10.1177/1043463118759671,unclear,36775562800,Blaine G. Robbins,1,1,1,1,6,12,6,12,6,12,6,10,false,,,manual_download_needed,,,Obtain methods/sampling pages or a source-verified country statement,Hypothetical US-positive resolution of this one article; no estimated probability and no change to total article counts,0,74,6,51,85044032298.pdf
85064805724,doi:10.1017/s0003055418000837,10.1017/s0003055418000837,Demand effects in survey experiments: An empirical assessment,2019,American Political Science Review,https://doi.org/10.1017/s0003055418000837,unclear,55612017400,Erik Peterson,1,1,1,1,6,12,6,12,6,12,6,38,false,,,manual_download_needed,,,Obtain methods/sampling pages or a source-verified country statement,Hypothetical US-positive resolution of this one article; no estimated probability and no change to total article counts,0,75,6,52,85064805724.pdf
85066959974,doi:10.1177/0049124119852371,10.1177/0049124119852371,Measuring Generalized Trust: Two New Approaches,2022,Sociological Methods and Research,https://doi.org/10.1177/0049124119852371,unclear,36775562800,Blaine G. Robbins,1,1,1,1,6,12,6,12,6,12,6,10,false,,,manual_download_needed,,,Obtain methods/sampling pages or a source-verified country statement,Hypothetical US-positive resolution of this one article; no estimated probability and no change to total article counts,0,76,6,53,85066959974.pdf
85097264174,doi:10.1177/2378023120977722,10.1177/2378023120977722,Mapping the Production and Mobilization Functions of Collective Action,2020,Socius,https://doi.org/10.1177/2378023120977722,unclear,36775562800,Blaine G. Robbins,1,1,1,1,6,12,6,12,6,12,6,10,false,,,manual_download_needed,,https://journals.sagepub.com/doi/pdf/10.1177/2378023120977722,Obtain methods/sampling pages or a source-verified country statement,Hypothetical US-positive resolution of this one article; no estimated probability and no change to total article counts,0,77,6,54,85097264174.pdf
85099984460,doi:10.1017/s0003055420001124,10.1017/s0003055420001124,When Unfamiliarity Breeds Contempt: How Partisan Selective Exposure Sustains Oppositional Media Hostility,2021,American Political Science Review,https://doi.org/10.1017/s0003055420001124,unclear,55612017400,Erik Peterson,1,1,1,1,6,12,6,12,6,12,6,38,false,,,manual_download_needed,,,Obtain methods/sampling pages or a source-verified country statement,Hypothetical US-positive resolution of this one article; no estimated probability and no change to total article counts,0,78,6,55,85099984460.pdf
85064539825,doi:10.1111/ajps.12430,10.1111/ajps.12430,On the Meaning of Survey Reports of Roll-Call “Votes”,2019,American Journal of Political Science,https://doi.org/10.1111/ajps.12430,unclear,57217457882,Gregory A. Huber,1,1,1,1,4,3,4,3,4,3,9,16,false,,,manual_download_needed,,https://escholarship.org/content/qt8fn2717w/qt8fn2717w.pdf?t=pxcpha,Obtain methods/sampling pages or a source-verified country statement,Hypothetical US-positive resolution of this one article; no estimated probability and no change to total article counts,0,79,6,56,85064539825.pdf
85076027417,doi:10.1086/705817,10.1086/705817,Shifting standards: How voters evaluate the qualifications of female and male candidates,2020,Journal of Politics,https://doi.org/10.1086/705817,unclear,54881904100,Nichole M. Bauer,1,1,1,1,4,3,4,3,4,3,9,16,false,,,manual_download_needed,,https://repository.lsu.edu/polisci_pubs/50,Obtain methods/sampling pages or a source-verified country statement,Hypothetical US-positive resolution of this one article; no estimated probability and no change to total article counts,0,80,6,57,85076027417.pdf
85101803291,doi:10.1111/pops.12737,10.1111/pops.12737,Candidate Aggression and Gendered Voter Evaluations,2022,Political Psychology,https://doi.org/10.1111/pops.12737,unclear,54881904100,Nichole M. Bauer,1,1,1,1,4,3,4,3,4,3,9,16,false,,,manual_download_needed,,https://digitalcommons.lsu.edu/manship_pubs/9,Obtain methods/sampling pages or a source-verified country statement,Hypothetical US-positive resolution of this one article; no estimated probability and no change to total article counts,0,82,6,58,85101803291.pdf
85208657819,doi:10.1017/psrm.2024.50,10.1017/psrm.2024.50,How and when candidate race affects inferences about ideology and group favoritism,2025,Political Science Research and Methods,https://doi.org/10.1017/psrm.2024.50,unclear,57217457882,Gregory A. Huber,1,1,1,1,4,3,4,3,4,3,9,16,false,,,manual_download_needed,,https://doi.org/10.1017/psrm.2024.50,Obtain methods/sampling pages or a source-verified country statement,Hypothetical US-positive resolution of this one article; no estimated probability and no change to total article counts,0,83,6,59,85208657819.pdf
85206618776,doi:10.1037/xge0001662,10.1037/xge0001662,Psychological Underpinnings of Partisan Bias in Tie Formation on Social Media,2024,Journal of Experimental Psychology General,https://doi.org/10.1037/xge0001662,unclear,23095594600,David G. Rand,1,1,1,1,2,1,2,1,2,1,10,10,false,,,manual_download_needed,,https://doi.org/10.1037/xge0001662,Obtain methods/sampling pages or a source-verified country statement,Hypothetical US-positive resolution of this one article; no estimated probability and no change to total article counts,0,84,6,60,85206618776.pdf
85084324260,doi:10.1177/2378023118821836,10.1177/2378023118821836,Men’s Overpersistence and the Gender Gap in Science and Mathematics,2019,Socius,https://doi.org/10.1177/2378023118821836,unclear,16305967100,Robb Willer,1,1,1,1,0,2,0,2,0,2,11,10,false,,,manual_download_needed,,https://doi.org/10.1177/2378023118821836,Obtain methods/sampling pages or a source-verified country statement,Hypothetical US-positive resolution of this one article; no estimated probability and no change to total article counts,0,86,7,61,85084324260.pdf
84922551432,doi:10.1111/bjdp.12065,10.1111/bjdp.12065,In-group bias in children's intention to help can be overpowered by inducing empathy,2015,British Journal of Developmental Psychology,https://doi.org/10.1111/bjdp.12065,unclear,7006059165,Maykel Verkuyten,1,1,0,1,19,14,19,14,19,14,0,10,false,,,manual_download_needed,,https://onlinelibrary.wiley.com/doi/pdfdirect/10.1111/bjdp.12065,Obtain methods/sampling pages or a source-verified country statement,Hypothetical US-positive resolution of this one article; no estimated probability and no change to total article counts,0,90,7,62,84922551432.pdf
84943817918,doi:10.1111/sode.12128,10.1111/sode.12128,First Arrival and Collective Land Ownership: How Children Reason About Who Owns the Land,2015,Social Development,https://doi.org/10.1111/sode.12128,unclear,7006059165,Maykel Verkuyten,1,1,0,1,19,14,19,14,19,14,0,10,false,,,manual_download_needed,,,Obtain methods/sampling pages or a source-verified country statement,Hypothetical US-positive resolution of this one article; no estimated probability and no change to total article counts,0,92,7,63,84943817918.pdf
85049693637,doi:10.1177/0049124118782536,10.1177/0049124118782536,"Uncovering the Nexus Between Attitudes, Preferences, and Behavior in Sociological Applications of Stated Choice Experiments",2021,Sociological Methods and Research,https://doi.org/10.1177/0049124118782536,unclear,23982874600,Ulf Liebe,1,1,0,1,19,14,19,14,19,14,0,38,false,,,manual_download_needed,,,Obtain methods/sampling pages or a source-verified country statement,Hypothetical US-positive resolution of this one article; no estimated probability and no change to total article counts,0,94,7,64,85049693637.pdf
85129159055,doi:10.1177/20531680221091439,10.1177/20531680221091439,Why do citizens prefer high-skilled immigrants to low-skilled immigrants? Identifying causal mechanisms of immigration preferences with a survey experiment,2022,Research and Politics,https://doi.org/10.1177/20531680221091439,unclear,55091186500,Yoshikuni Ono,1,1,0,1,19,14,19,14,19,14,0,16,false,,,manual_download_needed,,https://doi.org/10.1177/20531680221091439,Obtain methods/sampling pages or a source-verified country statement,Hypothetical US-positive resolution of this one article; no estimated probability and no change to total article counts,0,98,7,65,85129159055.pdf
85215379642,doi:10.1080/14719037.2025.2454502,10.1080/14719037.2025.2454502,The impact of descriptive social norms on coproduction: How communication frames matter,2026,Public Management Review,https://doi.org/10.1080/14719037.2025.2454502,unclear,57191360465,Jinfeng Zhang,1,1,0,1,19,14,19,14,19,14,0,38,false,,,manual_download_needed,,,Obtain methods/sampling pages or a source-verified country statement,Hypothetical US-positive resolution of this one article; no estimated probability and no change to total article counts,0,99,7,66,85215379642.pdf
85083672997,doi:10.1093/ijpor/edy020,10.1093/ijpor/edy020,Putting a number on preferences: How numerical attitudes are shaped by ideology and equivalency framing,2019,International Journal of Public Opinion Research,https://doi.org/10.1093/ijpor/edy020,unclear,25224644900,Rasmus Tue Pedersen,1,1,0,1,13,13,13,12,13,13,1,5,false,,,manual_download_needed,,,Obtain methods/sampling pages or a source-verified country statement,Hypothetical US-positive resolution of this one article; no estimated probability and no change to total article counts,0,101,7,67,85083672997.pdf
85125441524,doi:10.1093/ijpor/edab034,10.1093/ijpor/edab034,Citizens' Aversion to Pay Raises for Politicians: The Risk of Self-Interest Matter More Than the Promise of Competence,2022,International Journal of Public Opinion Research,https://doi.org/10.1093/ijpor/edab034,unclear,25224644900,Rasmus Tue Pedersen,1,1,0,1,13,13,13,12,13,13,1,5,false,,,manual_download_needed,,,Obtain methods/sampling pages or a source-verified country statement,Hypothetical US-positive resolution of this one article; no estimated probability and no change to total article counts,0,102,7,68,85125441524.pdf
85196067903,doi:10.1007/s11109-024-09944-8,10.1007/s11109-024-09944-8,Online Abuse of Politicians: Experimental Evidence on Politicians’ Own Perceptions,2025,Political Behavior,https://doi.org/10.1007/s11109-024-09944-8,unclear,25224644900,Rasmus Tue Pedersen,1,1,0,1,13,13,13,12,13,13,1,5,false,,,manual_download_needed,,https://doi.org/10.1007/s11109-024-09944-8,Obtain methods/sampling pages or a source-verified country statement,Hypothetical US-positive resolution of this one article; no estimated probability and no change to total article counts,0,103,7,69,85196067903.pdf
84892498539,doi:10.1093/pan/mpt024,10.1093/pan/mpt024,Causal inference in conjoint analysis: Understanding multidimensional choices via stated preference experiments,2014,Political Analysis,https://doi.org/10.1093/pan/mpt024,unclear,36159270600,Teppei Yamamoto,1,1,0,1,9,13,6,11,9,13,3,33,false,,,manual_download_needed,,,Obtain methods/sampling pages or a source-verified country statement,Hypothetical US-positive resolution of this one article; no estimated probability and no change to total article counts,0,104,7,70,84892498539.pdf
84975770291,doi:10.1177/0894439314563916,10.1177/0894439314563916,Improving Survey Response Rates in Online Panels: Effects of Low-Cost Incentives and Cost-Free Text Appeal Interventions,2016,Social Science Computer Review,https://doi.org/10.1177/0894439314563916,unclear,56734108300,Mogens Jin Pedersen,1,1,0,1,9,13,6,11,9,13,3,16,false,,,manual_download_needed,,https://eprints.lse.ac.uk/67240/1/Nielsen_Improving%20survey%20response_2016.pdf,Obtain methods/sampling pages or a source-verified country statement,Hypothetical US-positive resolution of this one article; no estimated probability and no change to total article counts,0,105,8,71,84975770291.pdf
85040459526,doi:10.1177/0095399715584638,10.1177/0095399715584638,More Similar Than Different: Experimental Evidence on the (In) Significance of Gender for the Effect of Different Incentives on Compliance Behavior,2018,Administration and Society,https://doi.org/10.1177/0095399715584638,unclear,56734108300,Mogens Jin Pedersen,1,1,0,1,9,13,6,11,9,13,3,16,false,,,manual_download_needed,,https://pure.au.dk/portal/en/publications/671be3d0-3209-4155-b48e-7ad3a82c7ed0,Obtain methods/sampling pages or a source-verified country statement,Hypothetical US-positive resolution of this one article; no estimated probability and no change to total article counts,0,106,8,72,85040459526.pdf
85041214633,doi:10.1017/pan.2017.40,10.1017/pan.2017.40,The Number of Choice Tasks and Survey Satisficing in Conjoint Experiments,2018,Political Analysis,https://doi.org/10.1017/pan.2017.40,unclear,36159270600,Teppei Yamamoto,1,1,0,1,9,13,6,11,9,13,3,33,false,,,manual_download_needed,,https://www.cambridge.org/core/services/aop-cambridge-core/content/view/5BBACB75CF59C10E1B42AB20D9F085F0/S1047198717000407a.pdf/div-class-title-the-number-of-choice-tasks-and-survey-satisficing-in-conjoint-experiments-div.pdf,Obtain methods/sampling pages or a source-verified country statement,Hypothetical US-positive resolution of this one article; no estimated probability and no change to total article counts,0,107,8,73,85041214633.pdf
85172870189,doi:10.1086/724960,10.1086/724960,Media Measurement Matters: Estimating the Persuasive Effects of Partisan Media with Survey and Behavioral Data,2023,Journal of Politics,https://doi.org/10.1086/724960,unclear,36159270600,Teppei Yamamoto,1,1,0,1,9,13,6,11,9,13,3,33,false,,,manual_download_needed,,,Obtain methods/sampling pages or a source-verified country statement,Hypothetical US-positive resolution of this one article; no estimated probability and no change to total article counts,0,108,8,74,85172870189.pdf
105015105489,doi:10.1093/pnasnexus/pgaf267,10.1093/pnasnexus/pgaf267,Does civilian oversight impact police legitimacy?,2025,Pnas Nexus,https://doi.org/10.1093/pnasnexus/pgaf267,unclear,57220203816,Kaylyn Jackson Schiff,1,0,1,1,7,7,7,7,7,7,5,83,false,,,manual_download_needed,,https://academic.oup.com/pnasnexus/advance-article-pdf/doi/10.1093/pnasnexus/pgaf267/64099368/pgaf267.pdf,Obtain methods/sampling pages or a source-verified country statement,Hypothetical US-positive resolution of this one article; no estimated probability and no change to total article counts,0,109,8,75,105015105489.pdf
85143607111,doi:10.1017/rep.2022.18,10.1017/rep.2022.18,Can Light Contact with the Police Motivate Political Participation? Evidence from Traffic Stops,2022,Journal of Race Ethnicity and Politics,https://doi.org/10.1017/rep.2022.18,unclear,55175754800,Leah Christiani,1,0,1,1,6,12,6,12,6,12,6,83,false,,,manual_download_needed,,,Obtain methods/sampling pages or a source-verified country statement,Hypothetical US-positive resolution of this one article; no estimated probability and no change to total article counts,0,113,8,76,85143607111.pdf
85041497842,doi:10.1177/0894439317731721,10.1177/0894439317731721,Do Polls Influence Opinions? Investigating Poll Feedback Loops Using the Novel Dynamic Response Feedback Experimental Procedure,2018,Social Science Computer Review,https://doi.org/10.1177/0894439317731721,unclear,50861069700,Sveinung Arnesen,1,0,0,1,8,8,19,14,19,14,0,53,false,,,manual_download_needed,,https://journals.sagepub.com/doi/pdf/10.1177/0894439317731721,Obtain methods/sampling pages or a source-verified country statement,Hypothetical US-positive resolution of this one article; no estimated probability and no change to total article counts,0,121,8,77,85041497842.pdf
85084494184,doi:10.1093/jopart/muz028,10.1093/jopart/muz028,Service professionals' response to volunteer involvement in service production,2020,Journal of Public Administration Research and Theory,https://doi.org/10.1093/jopart/muz028,unclear,56689411500,Mette Kjærgaard Thomsen,1,0,0,1,8,8,19,14,19,14,0,53,false,,,manual_download_needed,,https://doi.org/10.1093/jopart/muz028,Obtain methods/sampling pages or a source-verified country statement,Hypothetical US-positive resolution of this one article; no estimated probability and no change to total article counts,0,123,8,78,85084494184.pdf
85151429736,doi:10.1111/1467-9477.12246,10.1111/1467-9477.12246,Priming citizens to think about public participation initiatives: Does it impact their view of government?,2023,Scandinavian Political Studies,https://doi.org/10.1111/1467-9477.12246,unclear,56689411500,Mette Kjærgaard Thomsen,1,0,0,1,8,8,19,14,19,14,0,53,false,,,manual_download_needed,,https://onlinelibrary.wiley.com/doi/pdfdirect/10.1111/1467-9477.12246,Obtain methods/sampling pages or a source-verified country statement,Hypothetical US-positive resolution of this one article; no estimated probability and no change to total article counts,0,125,8,79,85151429736.pdf
85089985354,doi:10.1111/puar.13271,10.1111/puar.13271,"Do More Options Always Benefit the Users of Public Services? An Experimental Study of School Choice, Performance, and Satisfaction",2021,Public Administration Review,https://doi.org/10.1111/puar.13271,unclear,7102332636,Oliver James,1,0,0,0,3,2,0,0,12,10,2,115,false,,,manual_download_needed,,,Obtain methods/sampling pages or a source-verified country statement,Hypothetical US-positive resolution of this one article; no estimated probability and no change to total article counts,0,136,8,80,85089985354.pdf
105038401018,doi:10.1093/jopart/muag004,10.1093/jopart/muag004,How the experience of administrative burdens affects clients’ psychological well-being: the role of negativity bias,2026,Journal of Public Administration Research and Theory,https://doi.org/10.1093/jopart/muag004,unclear,56354967100,Donald P. Moynihan,1,0,0,1,2,0,6,11,9,13,3,53,false,,,manual_download_needed,,,Obtain methods/sampling pages or a source-verified country statement,Hypothetical US-positive resolution of this one article; no estimated probability and no change to total article counts,0,137,9,81,105038401018.pdf
77956761607,doi:10.1080/1533015x.2010.510025,10.1080/1533015x.2010.510025,Feeling good and doing good for the environment: The use of emotional appeals in pro- environmental public service announcements,2010,Applied Environmental Education and Communication,https://doi.org/10.1080/1533015x.2010.510025,unclear,57203655130,Kathleen Searles,1,0,0,1,2,0,6,11,9,13,3,53,false,,,manual_download_needed,,,Obtain methods/sampling pages or a source-verified country statement,Hypothetical US-positive resolution of this one article; no estimated probability and no change to total article counts,0,138,9,82,77956761607.pdf
84944081200,doi:10.1080/15309576.2016.1071160,10.1080/15309576.2016.1071160,Uncovering the circumstances of performance information use findings from an experiment,2016,Public Performance and Management Review,https://doi.org/10.1080/15309576.2016.1071160,unclear,56354967100,Donald P. Moynihan,1,0,0,1,2,0,6,11,9,13,3,53,false,,,manual_download_needed,,,Obtain methods/sampling pages or a source-verified country statement,Hypothetical US-positive resolution of this one article; no estimated probability and no change to total article counts,0,140,9,83,84944081200.pdf
84995760092,doi:10.1017/xps.2015.5,10.1017/xps.2015.5,"It's a Mad, Mad World: Using Emotion Inductions in a Survey",2015,Journal of Experimental Political Science,https://doi.org/10.1017/xps.2015.5,unclear,57203655130,Kathleen Searles,1,0,0,1,2,0,6,11,9,13,3,53,false,,,manual_download_needed,,,Obtain methods/sampling pages or a source-verified country statement,Hypothetical US-positive resolution of this one article; no estimated probability and no change to total article counts,0,141,9,84,84995760092.pdf
85019676280,doi:10.1093/jopart/muw060,10.1093/jopart/muw060,How do politicians attribute bureaucratic responsibility for performance? Negativity bias and interest group advocacy,2017,Journal of Public Administration Research and Theory,https://doi.org/10.1093/jopart/muw060,unclear,56354967100,Donald P. Moynihan,1,0,0,1,2,0,6,11,9,13,3,53,false,,,manual_download_needed,,https://jpart.oxfordjournals.org/content/early/2016/10/17/jopart.muw060.abstract,Obtain methods/sampling pages or a source-verified country statement,Hypothetical US-positive resolution of this one article; no estimated probability and no change to total article counts,0,142,9,85,85019676280.pdf
85055564646,doi:10.1080/1369118x.2018.1534985,10.1080/1369118x.2018.1534985,Don’t read the comments: the effects of abusive comments on perceptions of women authors’ credibility,2020,Information Communication and Society,https://doi.org/10.1080/1369118x.2018.1534985,unclear,57203655130,Kathleen Searles,1,0,0,1,2,0,6,11,9,13,3,53,false,,,manual_download_needed,,https://www.tandfonline.com/doi/pdf/10.1080/1369118X.2018.1534985?needAccess=true,Obtain methods/sampling pages or a source-verified country statement,Hypothetical US-positive resolution of this one article; no estimated probability and no change to total article counts,0,143,9,86,85055564646.pdf
85064259638,doi:10.1177/1532673x19835780,10.1177/1532673x19835780,"Partisan Alignment, Performance, and Citizen Approval of Political Actors",2019,American Politics Research,https://doi.org/10.1177/1532673x19835780,unclear,35784707400,Susan M. Miller,1,0,0,1,2,0,6,11,9,13,3,83,false,,,manual_download_needed,,,Obtain methods/sampling pages or a source-verified country statement,Hypothetical US-positive resolution of this one article; no estimated probability and no change to total article counts,0,144,9,87,85064259638.pdf
85114860836,doi:10.1177/10776990211042595,10.1177/10776990211042595,Look Who’s Writing: How Gender Affects News Credibility and Perceptions of News Relevance,2022,Journalism and Mass Communication Quarterly,https://doi.org/10.1177/10776990211042595,unclear,57203655130,Kathleen Searles,1,0,0,1,2,0,6,11,9,13,3,53,false,,,manual_download_needed,,,Obtain methods/sampling pages or a source-verified country statement,Hypothetical US-positive resolution of this one article; no estimated probability and no change to total article counts,0,145,9,88,85114860836.pdf
85127205226,doi:10.1093/jopart/muaa019,10.1093/jopart/muaa019,Representative Bureaucracy and Attitudes Toward Automated Decision Making,2021,Journal of Public Administration Research and Theory,https://doi.org/10.1093/jopart/muaa019,unclear,35784707400,Susan M. Miller,1,0,0,1,2,0,6,11,9,13,3,83,false,,,manual_download_needed,,,Obtain methods/sampling pages or a source-verified country statement,Hypothetical US-positive resolution of this one article; no estimated probability and no change to total article counts,0,146,9,89,85127205226.pdf
85137333494,doi:10.1111/padm.12879,10.1111/padm.12879,The effect of human versus automated interaction on willingness to participate in government programs: The role of representation,2023,Public Administration,https://doi.org/10.1111/padm.12879,unclear,35784707400,Susan M. Miller,1,0,0,1,2,0,6,11,9,13,3,83,false,,,manual_download_needed,,,Obtain methods/sampling pages or a source-verified country statement,Hypothetical US-positive resolution of this one article; no estimated probability and no change to total article counts,0,147,9,90,85137333494.pdf
85138320659,doi:10.1177/14648849221125412,10.1177/14648849221125412,Is news for men?: Effects of women’s participation in news-making on audience perceptions and behaviors,2024,Journalism,https://doi.org/10.1177/14648849221125412,unclear,57203655130,Kathleen Searles,1,0,0,1,2,0,6,11,9,13,3,53,false,,,manual_download_needed,,,Obtain methods/sampling pages or a source-verified country statement,Hypothetical US-positive resolution of this one article; no estimated probability and no change to total article counts,0,148,10,91,85138320659.pdf
85147286875,doi:10.1177/00220027231153580,10.1177/00220027231153580,Responding to Uncertainty: The Importance of Covertness in Support for Retaliation to Cyber and Kinetic Attacks,2023,Journal of Conflict Resolution,https://doi.org/10.1177/00220027231153580,unclear,57188880644,Lauren Sukin,1,0,0,1,2,0,6,11,9,13,3,83,false,,,manual_download_needed,,https://eprints.lse.ac.uk/117916/1/Sulkin_responding_to_uncertainty_published.pdf,Obtain methods/sampling pages or a source-verified country statement,Hypothetical US-positive resolution of this one article; no estimated probability and no change to total article counts,0,149,10,92,85147286875.pdf
85162955443,doi:10.1177/0734371x231162028,10.1177/0734371x231162028,"Doing Good Work in a Crisis: Views of Pay and the COVID-19 Pandemic in the Public, Nonprofit, and For-Profit Sectors",2024,Review of Public Personnel Administration,https://doi.org/10.1177/0734371x231162028,unclear,35784707400,Susan M. Miller,1,0,0,1,2,0,6,11,9,13,3,83,false,,,manual_download_needed,,https://pmc.ncbi.nlm.nih.gov/articles/PMC10225797/pdf/10.1177_0734371X231162028.pdf,Obtain methods/sampling pages or a source-verified country statement,Hypothetical US-positive resolution of this one article; no estimated probability and no change to total article counts,0,150,10,93,85162955443.pdf
84943355793,doi:10.1111/ajps.12197,10.1111/ajps.12197,Backing Out or Backing In? Commitment and Consistency in Audience Costs Theory,2015,American Journal of Political Science,https://doi.org/10.1111/ajps.12197,unclear,24554597700,Geoffrey P. R. Wallace,1,0,0,0,2,0,0,0,9,13,3,115,false,,,manual_download_needed,,,Obtain methods/sampling pages or a source-verified country statement,Hypothetical US-positive resolution of this one article; no estimated probability and no change to total article counts,0,151,10,94,84943355793.pdf
105019368716,doi:10.1093/jleo/ewae013,10.1093/jleo/ewae013,"Partisanship, expertise, or connections? A conjoint survey experiment on lobbyist hiring decisions",2025,Journal of Law Economics and Organization,https://doi.org/10.1093/jleo/ewae013,unclear,55494876700,David R. Miller,1,0,0,1,0,8,10,8,12,8,4,53,false,,,manual_download_needed,,,Obtain methods/sampling pages or a source-verified country statement,Hypothetical US-positive resolution of this one article; no estimated probability and no change to total article counts,0,152,10,95,105019368716.pdf
105021850455,doi:10.1177/00111287251384656,10.1177/00111287251384656,Assessing Public Support of Gunshot Detection Technology Through a Framing Survey Experiment,2025,Crime and Delinquency,https://doi.org/10.1177/00111287251384656,unclear,57211410814,Hunter M. Boehme,1,0,0,1,0,8,10,8,12,8,4,53,false,,,manual_download_needed,,https://doi.org/10.1177/00111287251384656,Obtain methods/sampling pages or a source-verified country statement,Hypothetical US-positive resolution of this one article; no estimated probability and no change to total article counts,0,153,10,96,105021850455.pdf
105034680050,doi:10.1007/s11292-026-09735-7,10.1007/s11292-026-09735-7,"Concerning, but do we need policy reform? An experimental analysis of public reactions to accurate statistics on deaths caused by police officers and medical professionals",2026,Journal of Experimental Criminology,https://doi.org/10.1007/s11292-026-09735-7,unclear,57211410814,Hunter M. Boehme,1,0,0,1,0,8,10,8,12,8,4,53,false,,,manual_download_needed,,https://link.springer.com/content/pdf/10.1007/s11292-026-09735-7.pdf,Obtain methods/sampling pages or a source-verified country statement,Hypothetical US-positive resolution of this one article; no estimated probability and no change to total article counts,0,154,10,97,105034680050.pdf
84929260244,doi:10.1111/puar.12387,10.1111/puar.12387,How Not to Increase Participation in Local Government: The Advantages of Experiments When Testing Policy Interventions,2016,Public Administration Review,https://doi.org/10.1111/puar.12387,unclear,7401620196,Daniel M. Butler,1,0,0,1,0,8,10,8,12,8,4,53,false,,,manual_download_needed,,,Obtain methods/sampling pages or a source-verified country statement,Hypothetical US-positive resolution of this one article; no estimated probability and no change to total article counts,0,158,10,98,84929260244.pdf
84938501817,doi:10.1111/ajps.12206,10.1111/ajps.12206,How Politicians Discount the Opinions of Constituents with Whom They Disagree,2016,American Journal of Political Science,https://doi.org/10.1111/ajps.12206,unclear,7401620196,Daniel M. Butler,1,0,0,1,0,8,10,8,12,8,4,53,false,,,manual_download_needed,,,Obtain methods/sampling pages or a source-verified country statement,Hypothetical US-positive resolution of this one article; no estimated probability and no change to total article counts,0,159,10,99,84938501817.pdf
84992092827,doi:10.1177/1065912916668412,10.1177/1065912916668412,Recruitment and Perceptions of Gender Bias in Party Leader Support,2016,Political Research Quarterly,https://doi.org/10.1177/1065912916668412,unclear,7401620196,Daniel M. Butler,1,0,0,1,0,8,10,8,12,8,4,53,false,,,manual_download_needed,,,Obtain methods/sampling pages or a source-verified country statement,Hypothetical US-positive resolution of this one article; no estimated probability and no change to total article counts,0,160,10,100,84992092827.pdf
85106176160,doi:10.1017/s0143814x21000039,10.1017/s0143814x21000039,Pass the buck or the buck stops here? The public costs of claiming and deflecting blame in managing crises,2022,Journal of Public Policy,https://doi.org/10.1017/s0143814x21000039,unclear,55494876700,David R. Miller,1,0,0,1,0,8,10,8,12,8,4,53,false,,,manual_download_needed,,,Obtain methods/sampling pages or a source-verified country statement,Hypothetical US-positive resolution of this one article; no estimated probability and no change to total article counts,0,164,11,101,85106176160.pdf
85126450365,doi:10.1111/psq.12393,10.1111/psq.12393,Attitudes Toward Delegation to Presidential Commissions,2017,Presidential Studies Quarterly,https://doi.org/10.1111/psq.12393,unclear,55494876700,David R. Miller,1,0,0,1,0,8,10,8,12,8,4,53,false,,,manual_download_needed,,,Obtain methods/sampling pages or a source-verified country statement,Hypothetical US-positive resolution of this one article; no estimated probability and no change to total article counts,0,166,11,102,85126450365.pdf
85172009271,doi:10.1111/1745-9133.12644,10.1111/1745-9133.12644,Does scientific research change minds? Linking criminology and public perceptions of policing,2024,Criminology and Public Policy,https://doi.org/10.1111/1745-9133.12644,unclear,57211410814,Hunter M. Boehme,1,0,0,1,0,8,10,8,12,8,4,53,false,,,manual_download_needed,,https://onlinelibrary.wiley.com/doi/pdfdirect/10.1111/1745-9133.12644,Obtain methods/sampling pages or a source-verified country statement,Hypothetical US-positive resolution of this one article; no estimated probability and no change to total article counts,0,169,11,103,85172009271.pdf
85196196052,doi:10.1007/s11292-024-09625-w,10.1007/s11292-024-09625-w,"Does the public want the police to stop, stopping? An experimental look at the impact of outcome data on public perceptions of police discretionary traffic stops",2025,Journal of Experimental Criminology,https://doi.org/10.1007/s11292-024-09625-w,unclear,57211410814,Hunter M. Boehme,1,0,0,1,0,8,10,8,12,8,4,53,false,,,manual_download_needed,,https://doi.org/10.1007/s11292-024-09625-w,Obtain methods/sampling pages or a source-verified country statement,Hypothetical US-positive resolution of this one article; no estimated probability and no change to total article counts,0,173,11,104,85196196052.pdf
85212059156,doi:10.1177/20531680241299329,10.1177/20531680241299329,Preferential abstention in conjoint experiments,2024,Research and Politics,https://doi.org/10.1177/20531680241299329,unclear,55494876700,David R. Miller,1,0,0,1,0,8,10,8,12,8,4,53,false,,,manual_download_needed,,https://doi.org/10.1177/20531680241299329,Obtain methods/sampling pages or a source-verified country statement,Hypothetical US-positive resolution of this one article; no estimated probability and no change to total article counts,0,175,11,105,85212059156.pdf
85052006071,doi:10.1080/10410236.2018.1504656,10.1080/10410236.2018.1504656,How Communicating Misleading Information Dilutes Public Understanding of Weight Loss Mechanisms,2019,Health Communication,https://doi.org/10.1080/10410236.2018.1504656,unclear,6601956224,John Gastil,1,0,0,0,0,8,0,0,12,8,4,115,false,,,manual_download_needed,,,Obtain methods/sampling pages or a source-verified country statement,Hypothetical US-positive resolution of this one article; no estimated probability and no change to total article counts,0,176,11,106,85052006071.pdf
85065670412,doi:10.1111/pops.12591,10.1111/pops.12591,Tracing the Boundaries of Motivated Reasoning: How Deliberative Minipublics Can Improve Voter Knowledge,2020,Political Psychology,https://doi.org/10.1111/pops.12591,unclear,6601956224,John Gastil,1,0,0,0,0,8,0,0,12,8,4,115,false,,,manual_download_needed,,,Obtain methods/sampling pages or a source-verified country statement,Hypothetical US-positive resolution of this one article; no estimated probability and no change to total article counts,0,177,11,107,85065670412.pdf
