queue_position,batch,scopus_id,suggested_filename,title,year,journal,doi,article_url,credited_authids,credited_researchers,n_credited_researchers,rationale,question,requested_evidence,local_pdf_available,local_filenames,download_status,open_access_status,open_access_note,needed_material,fulltext_review_note,manual_download_url,acquired_from_url,top50_us_tied_pairs_separated_if_us,top50_total_ties_differentiated_if_us,distinct_tied_pairs_separated_if_us,new_top50_us_tied_pairs_if_us,potential_priority_weight,us_positive_scenario,manual_retrieval_status,manual_retrieval_note,new_pair_coverage_in_batch,tie_priority_position,tie_priority_batch
9,1,84878955277,84878955277.pdf,An Experimental Test of the Expectancy-Disconfirmation Theory of Citizen Satisfaction,2013,Journal of Policy Analysis and Management,10.1002/pam.21702,https://doi.org/10.1002/pam.21702,7003787305,Gregg G. Van Ryzin,1,The Internet panel's country is unspecified.,Does at least one experimental sample include US-based participants?,"Methods/sampling page, participant country, and which experiment it applies to.",false,,manual_download_needed,closed,No open location found in the checked metadata; manual search or institutional access may succeed,complete article,,https://doi.org/10.1002/pam.21702,,9,0,9,10,1.28571429,"Gregg G. Van Ryzin: US 6→7, rank 28→18",,,9,1,1
53,6,85106950513,85106950513.pdf,The limited effects of partisan and consensus messaging in correcting science misperceptions,2021,Research and Politics,10.1177/20531680211014980,https://doi.org/10.1177/20531680211014980,35759060800,Brendan Nyhan,1,Available metadata does not locate the experimental sample.,Does at least one experimental sample include US-based participants?,"Methods/sampling page, participant country, and which experiment it applies to.",false,,manual_download_needed,gold,"Open location indexed, but no verified PDF could be downloaded automatically",complete article,,https://doi.org/10.1177/20531680211014980,,9,0,9,8,0.58730159,"Brendan Nyhan: US 7→8, rank 18→10",,,9,2,1
41,5,105008461820,105008461820.pdf,The Effects of Forecasts on the Accuracy and Precision of Expectations,2025,Public Opinion Quarterly,10.1093/poq/nfaf003,https://doi.org/10.1093/poq/nfaf003,14034772300,Jason Reifler,1,French election is treatment topic; respondent nationality or residence unstated.,Does at least one experimental sample include US-based participants?,"Methods/sampling page, participant country, and which experiment it applies to.",false,,manual_download_needed,hybrid,"Open location indexed, but no verified PDF could be downloaded automatically",complete article,,https://academic.oup.com/poq/advance-article-pdf/doi/10.1093/poq/nfaf003/63139228/nfaf003.pdf,,9,0,9,8,0.58730159,"Jason Reifler: US 7→8, rank 18→10",,,8,3,1
42,5,80054939891,80054939891.pdf,Are financial or moral scandals worse? It depends,2011,PS Political Science and Politics,10.1017/S1049096511001247,https://doi.org/10.1017/S1049096511001247,35745930100,David Doherty,1,The country of the national survey is unspecified.,Does at least one experimental sample include US-based participants?,"Methods/sampling page, participant country, and which experiment it applies to.",false,,manual_download_needed,closed,No open location found in the checked metadata; manual search or institutional access may succeed,complete article,,https://doi.org/10.1017/S1049096511001247,,9,1,9,10,0.56390977,"David Doherty: US 6→7, rank 28→18",,,8,4,1
14,2,84944232504,84944232504.pdf,From the general to the specific: How social trust motivates relational trust,2016,Social Science Research,10.1016/j.ssresearch.2015.09.004,https://doi.org/10.1016/j.ssresearch.2015.09.004,36775562800,Blaine G. Robbins,1,MTurk and university students do not establish country.,Does at least one experimental sample include US-based participants?,"Methods/sampling page, participant country, and which experiment it applies to.",false,,manual_download_needed,closed,No open location found in the checked metadata; manual search or institutional access may succeed,complete article,,https://doi.org/10.1016/j.ssresearch.2015.09.004,,7,0,7,10,1.0,"Blaine G. Robbins: US 5→6, rank 38→28",,,7,5,1
61,7,84887527789,84887527789.pdf,"Religious Value Priming, Threat, and Political Tolerance",2013,Political Research Quarterly,10.1177/1065912912471203,https://doi.org/10.1177/1065912912471203,24474160700,Brian R. Calfano,1,Religious values and tolerance do not identify respondent geography.,Does at least one experimental sample include US-based participants?,"Methods/sampling page, participant country, and which experiment it applies to.",false,,manual_download_needed,closed,No open location found in the checked metadata; manual search or institutional access may succeed,complete article,,https://doi.org/10.1177/1065912912471203,,7,2,7,1,0.7,"Brian R. Calfano: US 8→9, rank 10→9",,,7,6,1
46,5,85122139505,85122139505.pdf,Inferring Intentions from Consequences: How Moral Judgments Shape Citizen Perceptions of Wartime Conduct,2021,Journal of Experimental Political Science,10.1017/XPS.2020.7,https://doi.org/10.1017/XPS.2020.7,57203528227,Jonathan A. Chu,1,Wartime conduct experiments without sample country.,Does at least one experimental sample include US-based participants?,"Methods/sampling page, participant country, and which experiment it applies to.",false,,manual_download_needed,bronze,"Open location indexed, but no verified PDF could be downloaded automatically",complete article,,https://www.cambridge.org/core/services/aop-cambridge-core/content/view/C2EF3862F8069A7C411E28285356EB9A/S205226302000007Xa.pdf/div-class-title-inferring-intentions-from-consequences-how-moral-judgments-shape-citizen-perceptions-of-wartime-conduct-div.pdf,,9,1,9,10,0.56390977,"Jonathan A. Chu: US 6→7, rank 28→18",,,7,7,1
27,3,84957805398,84957805398.pdf,"Emotional, Sensitive, and Unfit for Office? Gender Stereotype Activation and Support Female Candidates",2015,Political Psychology,10.1111/pops.12186,https://doi.org/10.1111/pops.12186,54881904100,Nichole M. Bauer,1,Female-candidate stereotypes do not locate the experimental respondents.,Does at least one experimental sample include US-based participants?,"Methods/sampling page, participant country, and which experiment it applies to.",false,,manual_download_needed,closed,No open location found in the checked metadata; manual search or institutional access may succeed,complete article,,https://doi.org/10.1111/pops.12186,,7,0,7,1,0.7,"Nichole M. Bauer: US 8→9, rank 10→9",,,6,8,1
54,6,85030544249,85030544249.pdf,TOWARD A BIFURCATED THEORY OF EMOTIONAL DETERRENCE,2018,Criminology,10.1111/1745-9125.12153,https://doi.org/10.1111/1745-9125.12153,38061940400,Justin T. Pickett,1,Nationwide sample without country.,Does at least one experimental sample include US-based participants?,"Methods/sampling page, participant country, and which experiment it applies to.",false,,manual_download_needed,closed,No open location found in the checked metadata; manual search or institutional access may succeed,complete article,,https://doi.org/10.1111/1745-9125.12153,,9,0,9,10,0.46240602,"Justin T. Pickett: US 6→7, rank 28→18",,,6,9,1
98,10,85066842117,85066842117.pdf,"Backing up, not backing down: Mitigating audience costs through policy substitution",2019,Journal of Peace Research,10.1177/0022343319832641,https://doi.org/10.1177/0022343319832641,23479932300,Erik Lin-Greenberg,1,Available metadata does not locate the experimental sample.,Does at least one experimental sample include US-based participants?,"Methods/sampling page, participant country, and which experiment it applies to.",false,,manual_download_needed,closed,No open location found in the checked metadata; manual search or institutional access may succeed,complete article,,https://doi.org/10.1177/0022343319832641,,7,0,7,10,0.32706767,"Erik Lin-Greenberg: US 5→6, rank 38→28",,,6,10,1
10,1,84918780367,84918780367.pdf,Benchmarks and Citizen Judgments of Local Government Performance: Findings from a survey experiment,2015,Public Management Review,10.1080/14719037.2013.798027,https://doi.org/10.1080/14719037.2013.798027,7003787305,Gregg G. Van Ryzin,1,Grade terminology and state comparisons do not establish which country's panel was sampled.,Does at least one experimental sample include US-based participants?,"Methods/sampling page, participant country, and which experiment it applies to.",false,,manual_download_needed,closed,No open location found in the checked metadata; manual search or institutional access may succeed,complete article,,https://doi.org/10.1080/14719037.2013.798027,,9,0,9,10,1.28571429,"Gregg G. Van Ryzin: US 6→7, rank 28→18",,,9,11,2
43,5,84945247501,84945247501.pdf,When is Changing Policy Positions Costly for Politicians? Experimental Evidence,2016,Political Behavior,10.1007/s11109-015-9321-9,https://doi.org/10.1007/s11109-015-9321-9,35745930100,David Doherty,1,Candidate policy changes without country-specific context.,Does at least one experimental sample include US-based participants?,"Methods/sampling page, participant country, and which experiment it applies to.",false,,manual_download_needed,closed,No open location found in the checked metadata; manual search or institutional access may succeed,complete article,,https://doi.org/10.1007/s11109-015-9321-9,,9,1,9,10,0.56390977,"David Doherty: US 6→7, rank 28→18",,,8,12,2
15,2,84983314158,84983314158.pdf,"Probing the Links Between Trustworthiness, Trust, and Emotion: Evidence From Four Survey Experiments",2016,Social Psychology Quarterly,10.1177/0190272516657546,https://doi.org/10.1177/0190272516657546,36775562800,Blaine G. Robbins,1,MTurk and university students do not establish country.,Does at least one experimental sample include US-based participants?,"Methods/sampling page, participant country, and which experiment it applies to.",false,,manual_download_needed,closed,No open location found in the checked metadata; manual search or institutional access may succeed,complete article,,https://doi.org/10.1177/0190272516657546,,7,0,7,10,1.0,"Blaine G. Robbins: US 5→6, rank 38→28",,,7,13,2
51,6,85041603336,85041603336.pdf,Civic Duty and Political Preference Formation,2018,Political Research Quarterly,10.1177/1065912917729037,https://doi.org/10.1177/1065912917729037,37063497400,Kevin J. Mullinix,1,Tax and education topics not uniquely American.,Does at least one experimental sample include US-based participants?,"Methods/sampling page, participant country, and which experiment it applies to.",false,,manual_download_needed,closed,No open location found in the checked metadata; manual search or institutional access may succeed,complete article,,https://doi.org/10.1177/1065912917729037,,7,0,7,1,0.7,"Kevin J. Mullinix: US 8→9, rank 10→9",,,7,14,2
47,5,85124121558,85124121558.pdf,Validating Threat: IO Approval and Public Support for Joining Military Counterterrorism Coalitions,2021,International Studies Quarterly,10.1093/isq/sqab032,https://doi.org/10.1093/isq/sqab032,57203528227,Jonathan A. Chu,1,Three sample countries not named; American reference is a cited prior study.,Does at least one experimental sample include US-based participants?,"Methods/sampling page, participant country, and which experiment it applies to.",false,,manual_download_needed,hybrid,"Open location indexed, but no verified PDF could be downloaded automatically",complete article,,https://doi.org/10.1093/isq/sqab032,,9,1,9,10,0.56390977,"Jonathan A. Chu: US 6→7, rank 28→18",,,7,15,2
28,3,85043332442,85043332442.pdf,Visual Information and Candidate Evaluations: The Influence of Feminine and Masculine Images on Support for Female Candidates,2018,Political Research Quarterly,10.1177/1065912917738579,https://doi.org/10.1177/1065912917738579,54881904100,Nichole M. Bauer,1,Candidate images and gender without country-specific context.,Does at least one experimental sample include US-based participants?,"Methods/sampling page, participant country, and which experiment it applies to.",false,,manual_download_needed,closed,No open location found in the checked metadata; manual search or institutional access may succeed,complete article,,https://doi.org/10.1177/1065912917738579,,7,0,7,1,0.7,"Nichole M. Bauer: US 8→9, rank 10→9",,,6,16,2
64,7,85033714347,85033714347.pdf,Economic inequality and public support for organized labor,2017,Political Research Quarterly,10.1177/1065912917719501,https://doi.org/10.1177/1065912917719501,56611317200,John V. Kane,1,National survey without country; labour politics not uniquely American.,Does at least one experimental sample include US-based participants?,"Methods/sampling page, participant country, and which experiment it applies to.",false,,manual_download_needed,closed,No open location found in the checked metadata; manual search or institutional access may succeed,complete article,,https://doi.org/10.1177/1065912917719501,,9,1,9,10,0.46240602,"John V. Kane: US 6→7, rank 28→18",,,6,17,2
99,10,85100751141,85100751141.pdf,Private Eyes in the Sky: Emerging Technology and the Political Consequences of Eroding Government Secrecy,2021,Journal of Conflict Resolution,10.1177/0022002720987285,https://doi.org/10.1177/0022002720987285,23479932300,Erik Lin-Greenberg,1,Available metadata does not locate the experimental sample.,Does at least one experimental sample include US-based participants?,"Methods/sampling page, participant country, and which experiment it applies to.",false,,manual_download_needed,green,"Open location indexed, but no verified PDF could be downloaded automatically",complete article,,https://papers.ssrn.com/sol3/papers.cfm?abstract_id=3745737,,7,0,7,10,0.32706767,"Erik Lin-Greenberg: US 5→6, rank 38→28",,,6,18,2
105,11,84943355793,84943355793.pdf,Backing Out or Backing In? Commitment and Consistency in Audience Costs Theory,2015,American Journal of Political Science,10.1111/ajps.12197,https://doi.org/10.1111/ajps.12197,24554597700,Geoffrey P. R. Wallace,1,Audience costs and an unnamed president do not establish participant country.,Does at least one experimental sample include US-based participants?,"Methods/sampling page, participant country, and which experiment it applies to.",false,,manual_download_needed,closed,No open location found in the checked metadata; manual search or institutional access may succeed,complete article,,https://doi.org/10.1111/ajps.12197,,6,0,6,8,0.13043478,"Geoffrey P. R. Wallace: US 4→5, rank 46→38",,,6,19,2
62,7,85130898035,85130898035.pdf,Abstraction and Detail in Experimental Design,2023,American Journal of Political Science,10.1111/ajps.12710,https://doi.org/10.1111/ajps.12710,56556884300,Ryan Brutger,1,Replication experiments without sample countries.,Does at least one experimental sample include US-based participants?,"Methods/sampling page, participant country, and which experiment it applies to.",false,,manual_download_needed,closed,No open location found in the checked metadata; manual search or institutional access may succeed,complete article,,https://doi.org/10.1111/ajps.12710,,7,2,7,1,0.7,"Ryan Brutger: US 8→9, rank 10→9",,,5,20,2
11,2,84963994831,84963994831.pdf,"How Citizens Respond to Outputs, Outcomes, and Costs: A Survey Experiment About an HIV/AIDS Program",2017,International Public Management Journal,10.1080/10967494.2016.1143425,https://doi.org/10.1080/10967494.2016.1143425,7003787305,Gregg G. Van Ryzin,1,HIV programme without sample location.,Does at least one experimental sample include US-based participants?,"Methods/sampling page, participant country, and which experiment it applies to.",false,,manual_download_needed,closed,No open location found in the checked metadata; manual search or institutional access may succeed,complete article,,https://doi.org/10.1080/10967494.2016.1143425,,9,0,9,10,1.28571429,"Gregg G. Van Ryzin: US 6→7, rank 28→18",,,9,21,3
44,5,85069695771,85069695771.pdf,The Effects of Blaming Others for Legislative Inaction on Individual and Collective Evaluations,2020,Legislative Studies Quarterly,10.1111/lsq.12252,https://doi.org/10.1111/lsq.12252,35745930100,David Doherty,1,Available metadata does not locate the experimental sample.,Does at least one experimental sample include US-based participants?,"Methods/sampling page, participant country, and which experiment it applies to.",false,,manual_download_needed,closed,No open location found in the checked metadata; manual search or institutional access may succeed,complete article,,https://doi.org/10.1111/lsq.12252,,9,1,9,10,0.56390977,"David Doherty: US 6→7, rank 28→18",,,8,22,3
16,2,85033780100,85033780100.pdf,"Status, identity, and ability in the formation of trust",2017,Rationality and Society,10.1177/1043463117734179,https://doi.org/10.1177/1043463117734179,36775562800,Blaine G. Robbins,1,MTurk and university students do not establish country.,Does at least one experimental sample include US-based participants?,"Methods/sampling page, participant country, and which experiment it applies to.",false,,manual_download_needed,closed,No open location found in the checked metadata; manual search or institutional access may succeed,complete article,,https://doi.org/10.1177/1043463117734179,,7,0,7,10,1.0,"Blaine G. Robbins: US 5→6, rank 38→28",,,7,23,3
52,6,85059103503,85059103503.pdf,Information and Issue Constraints on Party Cues,2019,American Politics Research,10.1177/1532673X18803887,https://doi.org/10.1177/1532673X18803887,37063497400,Kevin J. Mullinix,1,Ideological party cues not uniquely American.,Does at least one experimental sample include US-based participants?,"Methods/sampling page, participant country, and which experiment it applies to.",false,,manual_download_needed,closed,No open location found in the checked metadata; manual search or institutional access may succeed,complete article,,https://doi.org/10.1177/1532673X18803887,,7,0,7,1,0.7,"Kevin J. Mullinix: US 8→9, rank 10→9",,,7,24,3
48,5,85124170048,85124170048.pdf,Liberal Ideology and Foreign Opinion on China,2021,International Studies Quarterly,10.1093/isq/sqab062,https://doi.org/10.1093/isq/sqab062,57203528227,Jonathan A. Chu,1,Foreign perceptions of China without experiment sample countries.,Does at least one experimental sample include US-based participants?,"Methods/sampling page, participant country, and which experiment it applies to.",false,,manual_download_needed,hybrid,"Open location indexed, but no verified PDF could be downloaded automatically",complete article,,https://doi.org/10.1093/isq/sqab062,,9,1,9,10,0.56390977,"Jonathan A. Chu: US 6→7, rank 28→18",,,7,25,3
29,3,85076027417,85076027417.pdf,Shifting standards: How voters evaluate the qualifications of female and male candidates,2020,Journal of Politics,10.1086/705817,https://doi.org/10.1086/705817,54881904100,Nichole M. Bauer,1,Candidate qualifications without country.,Does at least one experimental sample include US-based participants?,"Methods/sampling page, participant country, and which experiment it applies to.",false,,manual_download_needed,green,"Open location indexed, but no verified PDF could be downloaded automatically",complete article,,https://repository.lsu.edu/polisci_pubs/50,,7,0,7,1,0.7,"Nichole M. Bauer: US 8→9, rank 10→9",,,6,26,3
95,10,85048745799,85048745799.pdf,Exploring the difference in participants’ factual knowledge between online and in-person survey modes,2016,Research and Politics,10.1177/2053168016654326,https://doi.org/10.1177/2053168016654326,55461249300,Craig M. Burnett,1,Survey mode and factual-knowledge comparisons do not locate the participants.,Does at least one experimental sample include US-based participants?,"Methods/sampling page, participant country, and which experiment it applies to.",false,,manual_download_needed,gold,"Open location indexed, but no verified PDF could be downloaded automatically",complete article,,https://journals.sagepub.com/doi/pdf/10.1177/2053168016654326,,9,0,9,10,0.46240602,"Craig M. Burnett: US 6→7, rank 28→18",,,6,27,3
100,10,85135349631,85135349631.pdf,You and Whose Army? How Civilian Leaders Leverage the Military’s Prestige to Shape Public Opinion,2022,Journal of Politics,10.1086/718355,https://doi.org/10.1086/718355,57188971604,Sarah R. Maxey,1,Available metadata does not locate the experimental sample.,Does at least one experimental sample include US-based participants?,"Methods/sampling page, participant country, and which experiment it applies to.",false,,manual_download_needed,closed,No open location found in the checked metadata; manual search or institutional access may succeed,complete article,,https://doi.org/10.1086/718355,,7,0,7,10,0.32706767,"Sarah R. Maxey: US 5→6, rank 38→28",,,6,28,3
124,13,85052006071,85052006071.pdf,How Communicating Misleading Information Dilutes Public Understanding of Weight Loss Mechanisms,2019,Health Communication,10.1080/10410236.2018.1504656,https://doi.org/10.1080/10410236.2018.1504656,6601956224,John Gastil,1,National nutrition sample without country.,Does at least one experimental sample include US-based participants?,"Methods/sampling page, participant country, and which experiment it applies to.",false,,manual_download_needed,closed,No open location found in the checked metadata; manual search or institutional access may succeed,complete article,,https://doi.org/10.1080/10410236.2018.1504656,,6,0,6,8,0.13043478,"John Gastil: US 4→5, rank 46→38",,,6,29,3
63,7,85200455835,85200455835.pdf,Self-interest and preferences for the regulation of artificial intelligence,2025,Journal of Information Technology and Politics,10.1080/19331681.2024.2370815,https://doi.org/10.1080/19331681.2024.2370815,55603014300,Tobias Heinrich,1,AI jobs experiment without country-specific context.,Does at least one experimental sample include US-based participants?,"Methods/sampling page, participant country, and which experiment it applies to.",false,,manual_download_needed,bronze,"Open location indexed, but no verified PDF could be downloaded automatically",complete article,,https://www.tandfonline.com/doi/pdf/10.1080/19331681.2024.2370815?needAccess=true,,7,2,7,1,0.7,"Tobias Heinrich: US 8→9, rank 10→9",,,5,30,3
12,2,85067581830,85067581830.pdf,Coproduction and trust in government: evidence from survey experiments,2019,Public Management Review,10.1080/14719037.2019.1619812,https://doi.org/10.1080/14719037.2019.1619812,7003787305,Gregg G. Van Ryzin,1,Coproduction experiments without country.,Does at least one experimental sample include US-based participants?,"Methods/sampling page, participant country, and which experiment it applies to.",false,,manual_download_needed,closed,No open location found in the checked metadata; manual search or institutional access may succeed,complete article,,https://doi.org/10.1080/14719037.2019.1619812,,9,0,9,10,1.28571429,"Gregg G. Van Ryzin: US 6→7, rank 28→18",,,9,31,4
45,5,85086600850,85086600850.pdf,Campaign mailers and intent to turnout: Do similar field and survey experiments yield the same conclusions?,2020,Journal of Experimental Political Science,10.1017/XPS.2019.2,https://doi.org/10.1017/XPS.2019.2,35745930100,David Doherty,1,Available metadata does not locate the experimental sample.,Does at least one experimental sample include US-based participants?,"Methods/sampling page, participant country, and which experiment it applies to.",false,,manual_download_needed,bronze,"Open location indexed, but no verified PDF could be downloaded automatically",complete article,,https://www.cambridge.org/core/services/aop-cambridge-core/content/view/376A346318AEA473777DAB812C4A892F/S2052263019000022a.pdf/div-class-title-campaign-mailers-and-intent-to-turnout-do-similar-field-and-survey-experiments-yield-the-same-conclusions-div.pdf,,9,1,9,10,0.56390977,"David Doherty: US 6→7, rank 28→18",,,8,32,4
17,2,85033788510,85033788510.pdf,When Social Constraints Increase Trust: Considering Causal Attributions as a Source of Treatment Effect Heterogeneity,2016,Socius,10.1177/2378023116667360,https://doi.org/10.1177/2378023116667360,36775562800,Blaine G. Robbins,1,Crowdsourced samples without country.,Does at least one experimental sample include US-based participants?,"Methods/sampling page, participant country, and which experiment it applies to.",false,,manual_download_needed,gold,"Open location indexed, but no verified PDF could be downloaded automatically",complete article,,https://doi.org/10.1177/2378023116667360,,7,0,7,10,1.0,"Blaine G. Robbins: US 5→6, rank 38→28",,,7,33,4
30,3,85101803291,85101803291.pdf,Candidate Aggression and Gendered Voter Evaluations,2022,Political Psychology,10.1111/pops.12737,https://doi.org/10.1111/pops.12737,54881904100,Nichole M. Bauer,1,Candidate aggression without country-specific context.,Does at least one experimental sample include US-based participants?,"Methods/sampling page, participant country, and which experiment it applies to.",false,,manual_download_needed,green,"Open location indexed, but no verified PDF could be downloaded automatically",complete article,,https://digitalcommons.lsu.edu/manship_pubs/9,,7,0,7,1,0.7,"Nichole M. Bauer: US 8→9, rank 10→9",,,7,34,4
49,5,85170289998,85170289998.pdf,"Malicious Motives or Innocent Intentions? How Moral Reactions to ""Collateral Damage"" Shape Perceptions of Intent in Wartime Conduct",2023,Foreign Policy Analysis,10.1093/fpa/orad018,https://doi.org/10.1093/fpa/orad018,57203528227,Jonathan A. Chu,1,Wartime conduct without sample country.,Does at least one experimental sample include US-based participants?,"Methods/sampling page, participant country, and which experiment it applies to.",false,,manual_download_needed,closed,No open location found in the checked metadata; manual search or institutional access may succeed,complete article,,https://doi.org/10.1093/fpa/orad018,,9,1,9,10,0.56390977,"Jonathan A. Chu: US 6→7, rank 28→18",,,7,35,4
65,7,85051013258,85051013258.pdf,"Control, Accountability, and Constraints: Rethinking Perceptions of Presidential Responsibility for the Economy",2016,Presidential Studies Quarterly,10.1111/psq.12273,https://doi.org/10.1111/psq.12273,56611317200,John V. Kane,1,Presidential accountability alone does not distinguish the US from other presidential systems.,Does at least one experimental sample include US-based participants?,"Methods/sampling page, participant country, and which experiment it applies to.",false,,manual_download_needed,closed,No open location found in the checked metadata; manual search or institutional access may succeed,complete article,,https://doi.org/10.1111/psq.12273,,9,1,9,10,0.46240602,"John V. Kane: US 6→7, rank 28→18",,,6,36,4
101,11,85177488077,85177488077.pdf,How membership in the North Atlantic Treaty Organization transforms public support for war,2023,Pnas Nexus,10.1093/pnasnexus/pgad206,https://doi.org/10.1093/pnasnexus/pgad206,6505910383,Michael Tomz,1,Thirteen NATO member countries are not listed; US participation cannot be assumed.,Does at least one experimental sample include US-based participants?,"Methods/sampling page, participant country, and which experiment it applies to.",false,,manual_download_needed,gold,"Open location indexed, but no verified PDF could be downloaded automatically",complete article,,https://academic.oup.com/pnasnexus/article-pdf/2/7/pgad206/50789652/pgad206.pdf,,7,0,7,10,0.32706767,"Michael Tomz: US 5→6, rank 38→28",,,6,37,4
125,13,85065670412,85065670412.pdf,Tracing the Boundaries of Motivated Reasoning: How Deliberative Minipublics Can Improve Voter Knowledge,2020,Political Psychology,10.1111/pops.12591,https://doi.org/10.1111/pops.12591,6601956224,John Gastil,1,Available metadata does not locate the experimental sample.,Does at least one experimental sample include US-based participants?,"Methods/sampling page, participant country, and which experiment it applies to.",false,,manual_download_needed,closed,No open location found in the checked metadata; manual search or institutional access may succeed,complete article,,https://doi.org/10.1111/pops.12591,,6,0,6,8,0.13043478,"John Gastil: US 4→5, rank 46→38",,,6,38,4
66,7,85053665784,85053665784.pdf,The Scope of Partisan Influence on Policy Opinion,2019,Political Psychology,10.1111/pops.12495,https://doi.org/10.1111/pops.12495,55612017400,Erik Peterson,1,Party cues without country-specific context.,Does at least one experimental sample include US-based participants?,"Methods/sampling page, participant country, and which experiment it applies to.",false,,manual_download_needed,closed,No open location found in the checked metadata; manual search or institutional access may succeed,complete article,,https://doi.org/10.1111/pops.12495,,9,1,9,10,0.46240602,"Erik Peterson: US 6→7, rank 28→18",,,5,39,4
102,11,105000168854,105000168854.pdf,Assessing the Impact of Informational Interventions on Perceptions of School Quality,2025,American Educational Research Journal,10.3102/00028312251315740,https://doi.org/10.3102/00028312251315740,57220203816,Kaylyn Jackson Schiff,1,Available metadata does not locate the experimental sample.,Does at least one experimental sample include US-based participants?,"Methods/sampling page, participant country, and which experiment it applies to.",false,,manual_download_needed,closed,No open location found in the checked metadata; manual search or institutional access may succeed,complete article,,https://doi.org/10.3102/00028312251315740,,7,0,7,10,0.32706767,"Kaylyn Jackson Schiff: US 5→6, rank 38→28",,,5,40,4
13,2,85096111198,85096111198.pdf,Evidence of an Output Bias in the Judgment of Public Performance: A Replication and Extension,2021,Public Performance and Management Review,10.1080/15309576.2020.1835679,https://doi.org/10.1080/15309576.2020.1835679,7003787305,Gregg G. Van Ryzin,1,Programme examples without country; name of intervention alone insufficient.,Does at least one experimental sample include US-based participants?,"Methods/sampling page, participant country, and which experiment it applies to.",false,,manual_download_needed,closed,No open location found in the checked metadata; manual search or institutional access may succeed,complete article,,https://doi.org/10.1080/15309576.2020.1835679,,9,0,9,10,1.28571429,"Gregg G. Van Ryzin: US 6→7, rank 28→18",,,9,41,5
50,5,105046220290,105046220290.pdf,Partisanship and Voting Rule Trade-offs,2026,American Politics Research,10.1177/1532673X261470402,https://doi.org/10.1177/1532673X261470402,35745930100,David Doherty,1,Available metadata does not locate the experimental sample.,Does at least one experimental sample include US-based participants?,"Methods/sampling page, participant country, and which experiment it applies to.",false,,manual_download_needed,bronze,"Open location indexed, but no verified PDF could be downloaded automatically",complete article,,https://journals.sagepub.com/doi/pdf/10.1177/1532673X261470402?download=true,,9,1,9,10,0.56390977,"David Doherty: US 6→7, rank 28→18",,,8,42,5
18,2,85044032298,85044032298.pdf,Legitimate authorities and rational taxpayers: An investigation of voluntary compliance and method effects in a survey experiment of income tax evasion,2018,Rationality and Society,10.1177/1043463118759671,https://doi.org/10.1177/1043463118759671,36775562800,Blaine G. Robbins,1,University undergraduates without sample country.,Does at least one experimental sample include US-based participants?,"Methods/sampling page, participant country, and which experiment it applies to.",false,,manual_download_needed,closed,No open location found in the checked metadata; manual search or institutional access may succeed,complete article,,https://doi.org/10.1177/1043463118759671,,7,0,7,10,1.0,"Blaine G. Robbins: US 5→6, rank 38→28",,,7,43,5
55,6,85060884767,85060884767.pdf,"Prospect Theory and Criminal Choice: Experiments Testing Framing, Reference Dependence, and Decision Weights",2020,Justice Quarterly,10.1080/07418825.2018.1531142,https://doi.org/10.1080/07418825.2018.1531142,38061940400,Justin T. Pickett,1,Three samples without country.,Does at least one experimental sample include US-based participants?,"Methods/sampling page, participant country, and which experiment it applies to.",false,,manual_download_needed,closed,No open location found in the checked metadata; manual search or institutional access may succeed,complete article,,https://doi.org/10.1080/07418825.2018.1531142,,9,0,9,10,0.46240602,"Justin T. Pickett: US 6→7, rank 28→18",,,7,44,5
67,7,85064805724,85064805724.pdf,Demand effects in survey experiments: An empirical assessment,2019,American Political Science Review,10.1017/S0003055418000837,https://doi.org/10.1017/S0003055418000837,55612017400,Erik Peterson,1,Replication experiments without sample countries.,Does at least one experimental sample include US-based participants?,"Methods/sampling page, participant country, and which experiment it applies to.",false,,manual_download_needed,closed,No open location found in the checked metadata; manual search or institutional access may succeed,complete article,,https://doi.org/10.1017/S0003055418000837,,9,1,9,10,0.46240602,"Erik Peterson: US 6→7, rank 28→18",,,6,45,5
103,11,105010718991,105010718991.pdf,Good Enough? Public Perceptions of Success in Military Interventions,2025,International Studies Quarterly,10.1093/isq/sqaf051,https://doi.org/10.1093/isq/sqaf051,57188971604,Sarah R. Maxey,1,Available metadata does not locate the experimental sample.,Does at least one experimental sample include US-based participants?,"Methods/sampling page, participant country, and which experiment it applies to.",false,,manual_download_needed,closed,No open location found in the checked metadata; manual search or institutional access may succeed,complete article,,https://doi.org/10.1093/isq/sqaf051,,7,0,7,10,0.32706767,"Sarah R. Maxey: US 5→6, rank 38→28",,,6,46,5
77,8,85172009271,85172009271.pdf,Does scientific research change minds? Linking criminology and public perceptions of policing,2024,Criminology and Public Policy,10.1111/1745-9133.12644,https://doi.org/10.1111/1745-9133.12644,57211410814,Hunter M. Boehme,1,Available metadata does not locate the experimental sample.,Does at least one experimental sample include US-based participants?,"Methods/sampling page, participant country, and which experiment it applies to.",false,,manual_download_needed,hybrid,"Open location indexed, but no verified PDF could be downloaded automatically",complete article,,https://onlinelibrary.wiley.com/doi/pdfdirect/10.1111/1745-9133.12644,,6,3,6,8,0.13043478,"Hunter M. Boehme: US 4→5, rank 46→38",,,6,47,5
96,10,85095133927,85095133927.pdf,When Is Retaliation Respected? Status and Vengefulness in Intergroup and Interpersonal Contexts,2020,Socius,10.1177/2378023120967199,https://doi.org/10.1177/2378023120967199,55636964600,Long Doan,1,The online conflict-status experiments do not locate their respondents.,Does at least one experimental sample include US-based participants?,"Methods/sampling page, participant country, and which experiment it applies to.",false,,manual_download_needed,gold,"Open location indexed, but no verified PDF could be downloaded automatically",complete article,,https://journals.sagepub.com/doi/pdf/10.1177/2378023120967199,,9,0,9,10,0.46240602,"Long Doan: US 6→7, rank 28→18",,,5,48,5
104,11,105015105489,105015105489.pdf,Does civilian oversight impact police legitimacy?,2025,Pnas Nexus,10.1093/pnasnexus/pgaf267,https://doi.org/10.1093/pnasnexus/pgaf267,57220203816,Kaylyn Jackson Schiff,1,Available metadata does not locate the experimental sample.,Does at least one experimental sample include US-based participants?,"Methods/sampling page, participant country, and which experiment it applies to.",false,,manual_download_needed,gold,"Open location indexed, but no verified PDF could be downloaded automatically",complete article,,https://academic.oup.com/pnasnexus/advance-article-pdf/doi/10.1093/pnasnexus/pgaf267/64099368/pgaf267.pdf,,7,0,7,10,0.32706767,"Kaylyn Jackson Schiff: US 5→6, rank 38→28",,,5,49,5
89,9,85019003064,85019003064.pdf,Legitimacy from Decision-Making Influence and Outcome Favourability: Results from General Population Survey Experiments,2017,Political Studies,10.1177/0032321716667956,https://doi.org/10.1177/0032321716667956,50861069700,Sveinung Arnesen,1,Decision-making experiments without country.,Does at least one experimental sample include US-based participants?,"Methods/sampling page, participant country, and which experiment it applies to.",false,,manual_download_needed,bronze,"Open location indexed, but no verified PDF could be downloaded automatically",complete article,,https://journals.sagepub.com/doi/pdf/10.1177/0032321716667956,,0,5,5,0,0.10638298,"Sveinung Arnesen: US 0→1, rank 84→73",,,5,50,5
56,6,85091202562,85091202562.pdf,Body-Worn Cameras and Transparency: Experimental Evidence of Inconsistency in Police Executive Decision-Making,2022,Justice Quarterly,10.1080/07418825.2020.1821086,https://doi.org/10.1080/07418825.2020.1821086,38061940400,Justin T. Pickett,1,National police executive sample without country.,Does at least one experimental sample include US-based participants?,"Methods/sampling page, participant country, and which experiment it applies to.",false,,manual_download_needed,closed,No open location found in the checked metadata; manual search or institutional access may succeed,complete article,,https://doi.org/10.1080/07418825.2020.1821086,,9,0,9,10,0.46240602,"Justin T. Pickett: US 6→7, rank 28→18",,,9,51,6
68,7,85099984460,85099984460.pdf,When Unfamiliarity Breeds Contempt: How Partisan Selective Exposure Sustains Oppositional Media Hostility,2021,American Political Science Review,10.1017/S0003055420001124,https://doi.org/10.1017/S0003055420001124,55612017400,Erik Peterson,1,Partisan media without named parties or country.,Does at least one experimental sample include US-based participants?,"Methods/sampling page, participant country, and which experiment it applies to.",false,,manual_download_needed,closed,No open location found in the checked metadata; manual search or institutional access may succeed,complete article,,https://doi.org/10.1017/S0003055420001124,,9,1,9,10,0.46240602,"Erik Peterson: US 6→7, rank 28→18",,,8,52,6
19,2,85066959974,85066959974.pdf,Measuring Generalized Trust: Two New Approaches,2022,Sociological Methods and Research,10.1177/0049124119852371,https://doi.org/10.1177/0049124119852371,36775562800,Blaine G. Robbins,1,Qualtrics panel without country.,Does at least one experimental sample include US-based participants?,"Methods/sampling page, participant country, and which experiment it applies to.",false,,manual_download_needed,closed,No open location found in the checked metadata; manual search or institutional access may succeed,complete article,,https://doi.org/10.1177/0049124119852371,,7,0,7,10,1.0,"Blaine G. Robbins: US 5→6, rank 38→28",,,7,53,6
76,8,85125280963,85125280963.pdf,Do Belief Systems Exhibit Dynamic Constraint?,2022,Journal of Politics,10.1086/716294,https://doi.org/10.1086/716294,56590030100,Alexander Coppock,1,Available metadata does not locate the experimental sample.,Does at least one experimental sample include US-based participants?,"Methods/sampling page, participant country, and which experiment it applies to.",false,,manual_download_needed,closed,No open location found in the checked metadata; manual search or institutional access may succeed,complete article,,https://doi.org/10.1086/716294,,9,0,9,10,0.46240602,"Alexander Coppock: US 6→7, rank 28→18",,,7,54,6
97,10,85143607111,85143607111.pdf,Can Light Contact with the Police Motivate Political Participation? Evidence from Traffic Stops,2022,Journal of Race Ethnicity and Politics,10.1017/rep.2022.18,https://doi.org/10.1017/rep.2022.18,55175754800,Leah Christiani,1,Available metadata does not locate the experimental sample.,Does at least one experimental sample include US-based participants?,"Methods/sampling page, participant country, and which experiment it applies to.",false,,manual_download_needed,closed,No open location found in the checked metadata; manual search or institutional access may succeed,complete article,,https://doi.org/10.1017/rep.2022.18,,9,0,9,10,0.46240602,"Leah Christiani: US 6→7, rank 28→18",,,6,55,6
78,8,85196196052,85196196052.pdf,"Does the public want the police to stop, stopping? An experimental look at the impact of outcome data on public perceptions of police discretionary traffic stops",2025,Journal of Experimental Criminology,10.1007/s11292-024-09625-w,https://doi.org/10.1007/s11292-024-09625-w,57211410814,Hunter M. Boehme,1,Available metadata does not locate the experimental sample.,Does at least one experimental sample include US-based participants?,"Methods/sampling page, participant country, and which experiment it applies to.",false,,manual_download_needed,hybrid,"Open location indexed, but no verified PDF could be downloaded automatically",complete article,,https://doi.org/10.1007/s11292-024-09625-w,,6,3,6,8,0.13043478,"Hunter M. Boehme: US 4→5, rank 46→38",,,6,56,6
90,9,85024131036,85024131036.pdf,First Equals Most Important? Order Effects in Vignette-Based Measurement,2017,Sociological Methods and Research,10.1177/0049124115591016,https://doi.org/10.1177/0049124115591016,17345075500,Katrin Auspurg,1,The student sample's country is unspecified.,Does at least one experimental sample include US-based participants?,"Methods/sampling page, participant country, and which experiment it applies to.",false,,manual_download_needed,closed,No open location found in the checked metadata; manual search or institutional access may succeed,complete article,,https://doi.org/10.1177/0049124115591016,,0,5,5,0,0.10638298,"Katrin Auspurg: US 0→1, rank 84→73",,,5,57,6
39,4,85012118612,85012118612.pdf,The conditional nature of the local warming effect,2017,Weather Climate and Society,10.1175/WCAS-D-16-0012.1,https://doi.org/10.1175/WCAS-D-16-0012.1,6603696960,James N. Druckman,1,No country-specific sampling information.,Does at least one experimental sample include US-based participants?,"Methods/sampling page, participant country, and which experiment it applies to.",false,,manual_download_needed,closed,No open location found in the checked metadata; manual search or institutional access may succeed,complete article,,https://doi.org/10.1175/WCAS-D-16-0012.1,,4,2,4,0,1.0,"James N. Druckman: US 10→11, rank 4→4",,,4,58,6
91,10,85041497842,85041497842.pdf,Do Polls Influence Opinions? Investigating Poll Feedback Loops Using the Novel Dynamic Response Feedback Experimental Procedure,2018,Social Science Computer Review,10.1177/0894439317731721,https://doi.org/10.1177/0894439317731721,50861069700,Sveinung Arnesen,1,Probability online panel without country.,Does at least one experimental sample include US-based participants?,"Methods/sampling page, participant country, and which experiment it applies to.",false,,manual_download_needed,hybrid,"Open location indexed, but no verified PDF could be downloaded automatically",complete article,,https://journals.sagepub.com/doi/pdf/10.1177/0894439317731721,,0,5,5,0,0.10638298,"Sveinung Arnesen: US 0→1, rank 84→73",,,4,59,6
23,3,85062719018,85062719018.pdf,Counteracting Climate Science Politicization With Effective Frames and Imagery,2019,Science Communication,10.1177/1075547019834565,https://doi.org/10.1177/1075547019834565,12794521600,Toby Bolsen,1,Climate change experiment without country.,Does at least one experimental sample include US-based participants?,"Methods/sampling page, participant country, and which experiment it applies to.",false,,manual_download_needed,green,"Open location indexed, but no verified PDF could be downloaded automatically",complete article,,https://scholarworks.gsu.edu/urban_studies_institute/51,,4,0,4,0,1.0,"Toby Bolsen: US 10→11, rank 4→4",,,3,60,6
20,2,85097264174,85097264174.pdf,Mapping the Production and Mobilization Functions of Collective Action,2020,Socius,10.1177/2378023120977722,https://doi.org/10.1177/2378023120977722,36775562800,Blaine G. Robbins,1,University students without country.,Does at least one experimental sample include US-based participants?,"Methods/sampling page, participant country, and which experiment it applies to.",false,,manual_download_needed,gold,"Open location indexed, but no verified PDF could be downloaded automatically",complete article,,https://journals.sagepub.com/doi/pdf/10.1177/2378023120977722,,7,0,7,10,1.0,"Blaine G. Robbins: US 5→6, rank 38→28",,,7,61,7
79,8,105021850455,105021850455.pdf,Assessing Public Support of Gunshot Detection Technology Through a Framing Survey Experiment,2025,Crime and Delinquency,10.1177/00111287251384656,https://doi.org/10.1177/00111287251384656,57211410814,Hunter M. Boehme,1,Available metadata does not locate the experimental sample.,Does at least one experimental sample include US-based participants?,"Methods/sampling page, participant country, and which experiment it applies to.",false,,manual_download_needed,hybrid,"Open location indexed, but no verified PDF could be downloaded automatically",complete article,,https://doi.org/10.1177/00111287251384656,,6,3,6,8,0.13043478,"Hunter M. Boehme: US 4→5, rank 46→38",,,6,62,7
92,10,85084494184,85084494184.pdf,Service professionals' response to volunteer involvement in service production,2020,Journal of Public Administration Research and Theory,10.1093/jopart/muz028,https://doi.org/10.1093/jopart/muz028,56689411500,Mette Kjærgaard Thomsen,1,Available metadata does not locate the experimental sample.,Does at least one experimental sample include US-based participants?,"Methods/sampling page, participant country, and which experiment it applies to.",false,,manual_download_needed,hybrid,"Open location indexed, but no verified PDF could be downloaded automatically",complete article,,https://doi.org/10.1093/jopart/muz028,,0,5,5,0,0.10638298,"Mette Kjærgaard Thomsen: US 0→1, rank 84→73",,,5,63,7
40,4,85084324260,85084324260.pdf,Men’s Overpersistence and the Gender Gap in Science and Mathematics,2019,Socius,10.1177/2378023118821836,https://doi.org/10.1177/2378023118821836,16305967100,Robb Willer,1,National longitudinal survey and diverse adult sample without countries.,Does at least one experimental sample include US-based participants?,"Methods/sampling page, participant country, and which experiment it applies to.",false,,manual_download_needed,gold,"Open location indexed, but no verified PDF could be downloaded automatically",complete article,,https://doi.org/10.1177/2378023118821836,,4,2,4,0,1.0,"Robb Willer: US 10→11, rank 4→4",,,4,64,7
7,1,85205594046,85205594046.pdf,Differences in misinformation sharing can lead to politically asymmetric sanctions,2024,Nature,10.1038/s41586-024-07942-8,https://doi.org/10.1038/s41586-024-07942-8,23095594600,David G. Rand,1,US Twitter data and 16-country pooled sources; survey-experiment countries not separately identified.,Does at least one experimental sample include US-based participants?,"Methods/sampling page, participant country, and which experiment it applies to.",false,,manual_download_needed,hybrid,"Open location indexed, but no verified PDF could be downloaded automatically",complete article,,https://www.nature.com/articles/s41586-024-07942-8.pdf,,4,0,4,0,1.0,"David G. Rand: US 10→11, rank 4→4",,,3,65,7
71,8,84872322437,84872322437.pdf,Why commuting is no perfect solution: Preferences for different mobility forms in dual career couples,2012,Zeitschrift Fur Familienforschung,,https://www.scopus.com/record/display.uri?eid=2-s2.0-84872322437,17345249500,Martin Abraham,1,No country is identified for the couples in the experiment.,Does at least one experimental sample include US-based participants?,"Methods/sampling page, participant country, and which experiment it applies to.",false,,manual_download_needed,unknown,No open location found in the checked metadata; manual search or institutional access may succeed,complete article,,https://www.scopus.com/record/display.uri?eid=2-s2.0-84872322437,,0,2,2,0,0.05882353,"Martin Abraham: US 0→1, rank 84→73",,,2,66,7
69,7,84908021986,84908021986.pdf,Is ethnic discrimination due to distaste or statistics?,2014,Economics Letters,10.1016/j.econlet.2014.09.020,https://doi.org/10.1016/j.econlet.2014.09.020,55746145800,Stijn Baert,1,Ethnic hiring discrimination does not by itself locate employers.,Does at least one experimental sample include US-based participants?,"Methods/sampling page, participant country, and which experiment it applies to.",false,,manual_download_needed,bronze,Only a one-page abstract was obtained; full article still required.,complete article,"The downloaded one-page PDF is an abstract, not the article. Returned to retrieval queue.",https://www.sciencedirect.com/science/article/pii/S0165176514003565,https://biblio.ugent.be/publication/5704419/file/5825059.pdf,0,2,2,0,0.05882353,"Stijn Baert: US 1→2, rank 73→64",,,2,67,7
3,1,85083672997,85083672997.pdf,Putting a number on preferences: How numerical attitudes are shaped by ideology and equivalency framing,2019,International Journal of Public Opinion Research,10.1093/ijpor/edy020,https://doi.org/10.1093/ijpor/edy020,25224644900,Rasmus Tue Pedersen,1,Numerical preferences without sample country.,Does at least one experimental sample include US-based participants?,"Methods/sampling page, participant country, and which experiment it applies to.",false,,manual_download_needed,closed,No open location found in the checked metadata; manual search or institutional access may succeed,complete article,,https://doi.org/10.1093/ijpor/edy020,,0,1,1,0,0.25,"Rasmus Tue Pedersen: US 1→2, rank 73→64",,,1,68,7
34,4,84894591630,84894591630.pdf,With a little help from my friends: Bystander context and children's attitude toward peer helping,2014,Journal of Social Psychology,10.1080/00224545.2013.872595,https://doi.org/10.1080/00224545.2013.872595,7006059165,Maykel Verkuyten,1,The children's country is unspecified.,Does at least one experimental sample include US-based participants?,"Methods/sampling page, participant country, and which experiment it applies to.",false,,manual_download_needed,closed,No open location found in the checked metadata; manual search or institutional access may succeed,complete article,,https://doi.org/10.1080/00224545.2013.872595,,0,1,1,0,0.08333333,"Maykel Verkuyten: US 0→1, rank 84→73",,,1,69,7
72,8,84907487526,84907487526.pdf,Three experimental approaches to measure the social context dependence of prejudice communication and discriminatory behavior,2015,Social Science Research,10.1016/j.ssresearch.2014.08.017,https://doi.org/10.1016/j.ssresearch.2014.08.017,23982874600,Ulf Liebe,1,The methods article reports empirical studies without identifying sample countries.,Does at least one experimental sample include US-based participants?,"Methods/sampling page, participant country, and which experiment it applies to.",false,,manual_download_needed,closed,No open location found in the checked metadata; manual search or institutional access may succeed,complete article,,https://doi.org/10.1016/j.ssresearch.2014.08.017,,0,2,2,0,0.05882353,"Ulf Liebe: US 0→1, rank 84→73",,,1,70,7
21,3,105008067194,105008067194.pdf,"Affect, Efficacy, and Protest Intentions: Testing a Multilevel, Dual-Pathway Model of Collective Action",2025,Social Psychology Quarterly,10.1177/01902725251331032,https://doi.org/10.1177/01902725251331032,36775562800,Blaine G. Robbins,1,random university sample without country.,Does at least one experimental sample include US-based participants?,"Methods/sampling page, participant country, and which experiment it applies to.",false,,manual_download_needed,closed,No open location found in the checked metadata; manual search or institutional access may succeed,complete article,,https://doi.org/10.1177/01902725251331032,,7,0,7,10,1.0,"Blaine G. Robbins: US 5→6, rank 38→28",,,7,71,8
80,8,105034680050,105034680050.pdf,"Concerning, but do we need policy reform? An experimental analysis of public reactions to accurate statistics on deaths caused by police officers and medical professionals",2026,Journal of Experimental Criminology,10.1007/s11292-026-09735-7,https://doi.org/10.1007/s11292-026-09735-7,57211410814,Hunter M. Boehme,1,Available metadata does not locate the experimental sample.,Does at least one experimental sample include US-based participants?,"Methods/sampling page, participant country, and which experiment it applies to.",false,,manual_download_needed,hybrid,"Open location indexed, but no verified PDF could be downloaded automatically",complete article,,https://link.springer.com/content/pdf/10.1007/s11292-026-09735-7.pdf,,6,3,6,8,0.13043478,"Hunter M. Boehme: US 4→5, rank 46→38",,,6,72,8
93,10,85151429736,85151429736.pdf,Priming citizens to think about public participation initiatives: Does it impact their view of government?,2023,Scandinavian Political Studies,10.1111/1467-9477.12246,https://doi.org/10.1111/1467-9477.12246,56689411500,Mette Kjærgaard Thomsen,1,Available metadata does not locate the experimental sample.,Does at least one experimental sample include US-based participants?,"Methods/sampling page, participant country, and which experiment it applies to.",false,,manual_download_needed,hybrid,"Open location indexed, but no verified PDF could be downloaded automatically",complete article,,https://onlinelibrary.wiley.com/doi/pdfdirect/10.1111/1467-9477.12246,,0,5,5,0,0.10638298,"Mette Kjærgaard Thomsen: US 0→1, rank 84→73",,,5,73,8
8,1,85206618776,85206618776.pdf,Psychological Underpinnings of Partisan Bias in Tie Formation on Social Media,2024,Journal of Experimental Psychology General,10.1037/xge0001662,https://doi.org/10.1037/xge0001662,23095594600,David G. Rand,1,Partisan social-media experiment without country or named parties.,Does at least one experimental sample include US-based participants?,"Methods/sampling page, participant country, and which experiment it applies to.",false,,manual_download_needed,hybrid,"Open location indexed, but no verified PDF could be downloaded automatically",complete article,,https://doi.org/10.1037/xge0001662,,4,0,4,0,1.0,"David G. Rand: US 10→11, rank 4→4",,,4,74,8
70,7,85020188394,85020188394.pdf,A Bottom-Up Theory of Public Opinion about Foreign Policy,2017,American Journal of Political Science,10.1111/ajps.12314,https://doi.org/10.1111/ajps.12314,35492113000,Thomas Zeitzoff,1,Foreign policy topic without identifiable sample country.,Does at least one experimental sample include US-based participants?,"Methods/sampling page, participant country, and which experiment it applies to.",false,,manual_download_needed,closed,No open location found in the checked metadata; manual search or institutional access may succeed,complete article,,https://doi.org/10.1111/ajps.12314,,0,2,2,0,0.05882353,"Thomas Zeitzoff: US 1→2, rank 73→64",,,2,75,8
73,8,85049693637,85049693637.pdf,"Uncovering the Nexus Between Attitudes, Preferences, and Behavior in Sociological Applications of Stated Choice Experiments",2021,Sociological Methods and Research,10.1177/0049124118782536,https://doi.org/10.1177/0049124118782536,23982874600,Ulf Liebe,1,Ethical consumption experiment without country.,Does at least one experimental sample include US-based participants?,"Methods/sampling page, participant country, and which experiment it applies to.",false,,manual_download_needed,closed,No open location found in the checked metadata; manual search or institutional access may succeed,complete article,,https://doi.org/10.1177/0049124118782536,,0,2,2,0,0.05882353,"Ulf Liebe: US 0→1, rank 84→73",,,2,76,8
4,1,85125441524,85125441524.pdf,Citizens' Aversion to Pay Raises for Politicians: The Risk of Self-Interest Matter More Than the Promise of Competence,2022,International Journal of Public Opinion Research,10.1093/ijpor/edab034,https://doi.org/10.1093/ijpor/edab034,25224644900,Rasmus Tue Pedersen,1,Politicians' salaries without sample country.,Does at least one experimental sample include US-based participants?,"Methods/sampling page, participant country, and which experiment it applies to.",false,,manual_download_needed,closed,No open location found in the checked metadata; manual search or institutional access may succeed,complete article,,https://doi.org/10.1093/ijpor/edab034,,0,1,1,0,0.25,"Rasmus Tue Pedersen: US 1→2, rank 73→64",,,1,77,8
35,4,84922551432,84922551432.pdf,In-group bias in children's intention to help can be overpowered by inducing empathy,2015,British Journal of Developmental Psychology,10.1111/bjdp.12065,https://doi.org/10.1111/bjdp.12065,7006059165,Maykel Verkuyten,1,No country is specified for the participating children.,Does at least one experimental sample include US-based participants?,"Methods/sampling page, participant country, and which experiment it applies to.",false,,manual_download_needed,bronze,"Open location indexed, but no verified PDF could be downloaded automatically",complete article,,https://onlinelibrary.wiley.com/doi/pdfdirect/10.1111/bjdp.12065,,0,1,1,0,0.08333333,"Maykel Verkuyten: US 0→1, rank 84→73",,,1,78,8
74,8,85158001358,85158001358.pdf,Promoting Citizens' willingness to participate in coproduction in public service through information frames,2024,Public Administration,10.1111/padm.12932,https://doi.org/10.1111/padm.12932,57191360465,Jinfeng Zhang,1,Waste sorting experiments without sample country.,Does at least one experimental sample include US-based participants?,"Methods/sampling page, participant country, and which experiment it applies to.",false,,manual_download_needed,bronze,"Open location indexed, but no verified PDF could be downloaded automatically",complete article,,https://onlinelibrary.wiley.com/doi/pdfdirect/10.1111/padm.12932,,0,2,2,0,0.05882353,"Jinfeng Zhang: US 0→1, rank 84→73",,,1,79,8
81,9,77956761607,77956761607.pdf,Feeling good and doing good for the environment: The use of emotional appeals in pro- environmental public service announcements,2010,Applied Environmental Education and Communication,10.1080/1533015X.2010.510025,https://doi.org/10.1080/1533015X.2010.510025,57203655130,Kathleen Searles,1,Environmental appeals do not identify respondents' country.,Does at least one experimental sample include US-based participants?,"Methods/sampling page, participant country, and which experiment it applies to.",false,,manual_download_needed,closed,No open location found in the checked metadata; manual search or institutional access may succeed,complete article,,https://doi.org/10.1080/1533015X.2010.510025,,0,1,1,0,0.0212766,"Kathleen Searles: US 3→4, rank 53→46",,,1,80,8
94,10,105035149198,105035149198.pdf,Coproduction encouragement can backfire: evidence from randomized controlled trials,2026,International Public Management Journal,10.1080/10967494.2026.2648235,https://doi.org/10.1080/10967494.2026.2648235,56689411500,Mette Kjærgaard Thomsen,1,Available metadata does not locate the experimental sample.,Does at least one experimental sample include US-based participants?,"Methods/sampling page, participant country, and which experiment it applies to.",false,,manual_download_needed,bronze,"Open location indexed, but no verified PDF could be downloaded automatically",complete article,,https://www.tandfonline.com/doi/pdf/10.1080/10967494.2026.2648235?needAccess=true,,0,5,5,0,0.10638298,"Mette Kjærgaard Thomsen: US 0→1, rank 84→73",,,5,81,9
75,8,85215379642,85215379642.pdf,The impact of descriptive social norms on coproduction: How communication frames matter,2026,Public Management Review,10.1080/14719037.2025.2454502,https://doi.org/10.1080/14719037.2025.2454502,57191360465,Jinfeng Zhang,1,Coproduction experiments without sample country.,Does at least one experimental sample include US-based participants?,"Methods/sampling page, participant country, and which experiment it applies to.",false,,manual_download_needed,closed,No open location found in the checked metadata; manual search or institutional access may succeed,complete article,,https://doi.org/10.1080/14719037.2025.2454502,,0,2,2,0,0.05882353,"Jinfeng Zhang: US 0→1, rank 84→73",,,2,82,9
5,1,85196067903,85196067903.pdf,Online Abuse of Politicians: Experimental Evidence on Politicians’ Own Perceptions,2025,Political Behavior,10.1007/s11109-024-09944-8,https://doi.org/10.1007/s11109-024-09944-8,25224644900,Rasmus Tue Pedersen,1,Politicians from several government levels without country.,Does at least one experimental sample include US-based participants?,"Methods/sampling page, participant country, and which experiment it applies to.",false,,manual_download_needed,hybrid,"Open location indexed, but no verified PDF could be downloaded automatically",complete article,,https://doi.org/10.1007/s11109-024-09944-8,,0,1,1,0,0.25,"Rasmus Tue Pedersen: US 1→2, rank 73→64",,,1,83,9
36,4,84943817918,84943817918.pdf,First Arrival and Collective Land Ownership: How Children Reason About Who Owns the Land,2015,Social Development,10.1111/sode.12128,https://doi.org/10.1111/sode.12128,7006059165,Maykel Verkuyten,1,The child participants' country is unspecified.,Does at least one experimental sample include US-based participants?,"Methods/sampling page, participant country, and which experiment it applies to.",false,,manual_download_needed,closed,No open location found in the checked metadata; manual search or institutional access may succeed,complete article,,https://doi.org/10.1111/sode.12128,,0,1,1,0,0.08333333,"Maykel Verkuyten: US 0→1, rank 84→73",,,1,84,9
82,9,84995760092,84995760092.pdf,"It's a Mad, Mad World: Using Emotion Inductions in a Survey",2015,Journal of Experimental Political Science,10.1017/XPS.2015.5,https://doi.org/10.1017/XPS.2015.5,57203655130,Kathleen Searles,1,The student/adult emotion-induction studies do not specify country.,Does at least one experimental sample include US-based participants?,"Methods/sampling page, participant country, and which experiment it applies to.",false,,manual_download_needed,closed,No open location found in the checked metadata; manual search or institutional access may succeed,complete article,,https://doi.org/10.1017/XPS.2015.5,,0,1,1,0,0.0212766,"Kathleen Searles: US 3→4, rank 53→46",,,1,85,9
87,9,85119058426,85119058426.pdf,Why Are Relatively Poor People Not More Supportive of Redistribution? Evidence from a Randomized Survey Experiment across Ten Countries†,2021,American Economic Journal Economic Policy,10.1257/pol.20190276,https://doi.org/10.1257/pol.20190276,57226018577,Christopher Hoy,1,Available metadata does not locate the experimental sample.,Does at least one experimental sample include US-based participants?,"Methods/sampling page, participant country, and which experiment it applies to.",false,,manual_download_needed,closed,No open location found in the checked metadata; manual search or institutional access may succeed,complete article,,https://doi.org/10.1257/pol.20190276,,0,1,1,0,0.0212766,"Christopher Hoy: US 1→2, rank 73→64",,,1,86,9
6,1,105019779764,105019779764.pdf,Public Budget Cuts: Political Communication Strategies and Citizen Reactions,2025,Political Studies,10.1177/00323217251382336,https://doi.org/10.1177/00323217251382336,25224644900,Rasmus Tue Pedersen,1,Budget cuts experiment without sample country.,Does at least one experimental sample include US-based participants?,"Methods/sampling page, participant country, and which experiment it applies to.",false,,manual_download_needed,closed,No open location found in the checked metadata; manual search or institutional access may succeed,complete article,,https://doi.org/10.1177/00323217251382336,,0,1,1,0,0.25,"Rasmus Tue Pedersen: US 1→2, rank 73→64",,,0,87,9
37,4,85113817293,85113817293.pdf,The effects of negative and positive information on attitudes towards immigration,2022,International Migration,10.1111/imig.12916,https://doi.org/10.1111/imig.12916,55091186500,Yoshikuni Ono,1,Immigration experiment without country-specific sampling information.,Does at least one experimental sample include US-based participants?,"Methods/sampling page, participant country, and which experiment it applies to.",false,,manual_download_needed,closed,No open location found in the checked metadata; manual search or institutional access may succeed,complete article,,https://doi.org/10.1111/imig.12916,,0,1,1,0,0.08333333,"Yoshikuni Ono: US 0→1, rank 84→73",,,0,88,9
38,4,85129159055,85129159055.pdf,Why do citizens prefer high-skilled immigrants to low-skilled immigrants? Identifying causal mechanisms of immigration preferences with a survey experiment,2022,Research and Politics,10.1177/20531680221091439,https://doi.org/10.1177/20531680221091439,55091186500,Yoshikuni Ono,1,Immigration experiment without sample country.,Does at least one experimental sample include US-based participants?,"Methods/sampling page, participant country, and which experiment it applies to.",false,,manual_download_needed,gold,"Open location indexed, but no verified PDF could be downloaded automatically",complete article,,https://doi.org/10.1177/20531680221091439,,0,1,1,0,0.08333333,"Yoshikuni Ono: US 0→1, rank 84→73",,,0,89,9
83,9,85055564646,85055564646.pdf,Don’t read the comments: the effects of abusive comments on perceptions of women authors’ credibility,2020,Information Communication and Society,10.1080/1369118X.2018.1534985,https://doi.org/10.1080/1369118X.2018.1534985,57203655130,Kathleen Searles,1,Online abusive comments and journalist gender do not identify participant country.,Does at least one experimental sample include US-based participants?,"Methods/sampling page, participant country, and which experiment it applies to.",false,,manual_download_needed,bronze,"Open location indexed, but no verified PDF could be downloaded automatically",complete article,,https://www.tandfonline.com/doi/pdf/10.1080/1369118X.2018.1534985?needAccess=true,,0,1,1,0,0.0212766,"Kathleen Searles: US 3→4, rank 53→46",,,0,90,9
84,9,85114860836,85114860836.pdf,Look Who’s Writing: How Gender Affects News Credibility and Perceptions of News Relevance,2022,Journalism and Mass Communication Quarterly,10.1177/10776990211042595,https://doi.org/10.1177/10776990211042595,57203655130,Kathleen Searles,1,Reporter gender and news credibility do not identify participant country.,Does at least one experimental sample include US-based participants?,"Methods/sampling page, participant country, and which experiment it applies to.",false,,manual_download_needed,closed,No open location found in the checked metadata; manual search or institutional access may succeed,complete article,,https://doi.org/10.1177/10776990211042595,,0,1,1,0,0.0212766,"Kathleen Searles: US 3→4, rank 53→46",,,1,91,10
88,9,85125126673,85125126673.pdf,The correlates and dynamics of COVID-19 vaccine-specific hesitancy,2022,Vaccine,10.1016/j.vaccine.2022.02.033,https://doi.org/10.1016/j.vaccine.2022.02.033,15757402700,Peter John Loewen,1,Available metadata does not locate the experimental sample.,Does at least one experimental sample include US-based participants?,"Methods/sampling page, participant country, and which experiment it applies to.",false,,manual_download_needed,green,"Open location indexed, but no verified PDF could be downloaded automatically",complete article,,https://www.ncbi.nlm.nih.gov/pmc/articles/8850099,,0,1,1,0,0.0212766,"Peter John Loewen: US 1→2, rank 73→64",,,1,92,10
86,9,85138320659,85138320659.pdf,Is news for men?: Effects of women’s participation in news-making on audience perceptions and behaviors,2024,Journalism,10.1177/14648849221125412,https://doi.org/10.1177/14648849221125412,57203655130,Kathleen Searles,1,News avoidance and journalist gender do not identify respondent country.,Does at least one experimental sample include US-based participants?,"Methods/sampling page, participant country, and which experiment it applies to.",false,,manual_download_needed,closed,No open location found in the checked metadata; manual search or institutional access may succeed,complete article,,https://doi.org/10.1177/14648849221125412,,0,1,1,0,0.0212766,"Kathleen Searles: US 3→4, rank 53→46",,,0,93,10
2,1,85046645518,85046645518.pdf,Politicians Appear More Competent When Using Numerical Rhetoric,2017,Journal of Experimental Political Science,10.1017/XPS.2017.7,https://doi.org/10.1017/XPS.2017.7,25224644900,Rasmus Tue Pedersen,1,Numerical political rhetoric without sample country.,Does at least one experimental sample include US-based participants?,"Methods/sampling page, participant country, and which experiment it applies to.",true,85046645518.pdf,local_pdf_awaiting_review,green,"Open location indexed, but no verified PDF could be downloaded automatically",sampling appendix or author clarification,Methods identify Epinion and sample demographics but do not name respondent country. Provider alone is insufficient.,https://hdl.handle.net/10398/fe705228-42ac-473a-8244-6096c3ea5d0c,,0,1,1,0,0.25,"Rasmus Tue Pedersen: US 1→2, rank 73→64",,,0,,
22,3,85193819898,85193819898.pdf,Social Group Appeals in Party Rhetoric: Effects on Policy Support and Polarization,2024,Journal of Politics,10.1086/729946,https://doi.org/10.1086/729946,37065230200,Markus Wagner,1,Party rhetoric without sample country.,Does at least one experimental sample include US-based participants?,"Methods/sampling page, participant country, and which experiment it applies to.",false,,manual_download_needed,green,"Open location indexed, but no verified PDF could be downloaded automatically",complete article,,https://madoc.bib.uni-mannheim.de/66750/,,0,0,0,0,0,"Markus Wagner: US 0→1, rank 84→73",,,0,,
24,3,85064539825,85064539825.pdf,On the Meaning of Survey Reports of Roll-Call “Votes”,2019,American Journal of Political Science,10.1111/ajps.12430,https://doi.org/10.1111/ajps.12430,57217457882,Gregory A. Huber,1,Roll-call votes and Supreme Court without named country; these institutions are not unique to US.,Does at least one experimental sample include US-based participants?,"Methods/sampling page, participant country, and which experiment it applies to.",false,,manual_download_needed,green,"Open location indexed, but no verified PDF could be downloaded automatically",complete article,,https://escholarship.org/content/qt8fn2717w/qt8fn2717w.pdf?t=pxcpha,,0,0,0,5,0,"Gregory A. Huber: US 9→10, rank 9→4",,,0,,
25,3,85208657819,85208657819.pdf,How and when candidate race affects inferences about ideology and group favoritism,2025,Political Science Research and Methods,10.1017/psrm.2024.50,https://doi.org/10.1017/psrm.2024.50,57217457882,Gregory A. Huber,1,Candidate race without country-specific sampling information.,Does at least one experimental sample include US-based participants?,"Methods/sampling page, participant country, and which experiment it applies to.",false,,manual_download_needed,hybrid,"Open location indexed, but no verified PDF could be downloaded automatically",complete article,,https://doi.org/10.1017/psrm.2024.50,,0,0,0,5,0,"Gregory A. Huber: US 9→10, rank 9→4",,,0,,
26,3,105007228428,105007228428.pdf,Seeing the state in action: Public preferences about and judgments of common police–civilian interactions,2025,Criminology,10.1111/1745-9125.12403,https://doi.org/10.1111/1745-9125.12403,57217457882,Gregory A. Huber,1,Police-civilian interaction experiments without country.,Does at least one experimental sample include US-based participants?,"Methods/sampling page, participant country, and which experiment it applies to.",false,,manual_download_needed,hybrid,"Open location indexed, but no verified PDF could be downloaded automatically",complete article,,https://onlinelibrary.wiley.com/doi/pdfdirect/10.1111/1745-9125.12403,,0,0,0,5,0,"Gregory A. Huber: US 9→10, rank 9→4",,,0,,
31,4,84940214050,84940214050.pdf,Activating the Forces of Public Service Motivation: Evidence from a Low-Intensity Randomized Survey Experiment,2015,Public Administration Review,10.1111/puar.12325,https://doi.org/10.1111/puar.12325,56734108300,Mogens Jin Pedersen,1,The law students' country is unspecified.,Does at least one experimental sample include US-based participants?,"Methods/sampling page, participant country, and which experiment it applies to.",false,,manual_download_needed,closed,No open location found in the checked metadata; manual search or institutional access may succeed,complete article,,https://doi.org/10.1111/puar.12325,,0,0,0,0,0,"Mogens Jin Pedersen: US 3→4, rank 53→46",,,0,,
32,4,84975770291,84975770291.pdf,Improving Survey Response Rates in Online Panels: Effects of Low-Cost Incentives and Cost-Free Text Appeal Interventions,2016,Social Science Computer Review,10.1177/0894439314563916,https://doi.org/10.1177/0894439314563916,56734108300,Mogens Jin Pedersen,1,Online panel location unstated.,Does at least one experimental sample include US-based participants?,"Methods/sampling page, participant country, and which experiment it applies to.",false,,manual_download_needed,green,"Open location indexed, but no verified PDF could be downloaded automatically",complete article,,https://eprints.lse.ac.uk/67240/1/Nielsen_Improving%20survey%20response_2016.pdf,,0,0,0,0,0,"Mogens Jin Pedersen: US 3→4, rank 53→46",,,0,,
33,4,85040459526,85040459526.pdf,More Similar Than Different: Experimental Evidence on the (In) Significance of Gender for the Effect of Different Incentives on Compliance Behavior,2018,Administration and Society,10.1177/0095399715584638,https://doi.org/10.1177/0095399715584638,56734108300,Mogens Jin Pedersen,1,Adult population without country.,Does at least one experimental sample include US-based participants?,"Methods/sampling page, participant country, and which experiment it applies to.",false,,manual_download_needed,gold,"Open location indexed, but no verified PDF could be downloaded automatically",complete article,,https://pure.au.dk/portal/en/publications/671be3d0-3209-4155-b48e-7ad3a82c7ed0,,0,0,0,0,0,"Mogens Jin Pedersen: US 3→4, rank 53→46",,,0,,
57,6,84892498539,84892498539.pdf,Causal inference in conjoint analysis: Understanding multidimensional choices via stated preference experiments,2014,Political Analysis,10.1093/pan/mpt024,https://doi.org/10.1093/pan/mpt024,36159270600,Teppei Yamamoto,1,The reported empirical applications do not locate their participants.,Does at least one experimental sample include US-based participants?,"Methods/sampling page, participant country, and which experiment it applies to.",false,,manual_download_needed,closed,No open location found in the checked metadata; manual search or institutional access may succeed,complete article,,https://doi.org/10.1093/pan/mpt024,,0,0,0,0,0,"Teppei Yamamoto: US 3→4, rank 53→46",,,0,,
58,6,85041214633,85041214633.pdf,The Number of Choice Tasks and Survey Satisficing in Conjoint Experiments,2018,Political Analysis,10.1017/pan.2017.40,https://doi.org/10.1017/pan.2017.40,36159270600,Teppei Yamamoto,1,MTurk and SSI vendors do not establish sampling country.,Does at least one experimental sample include US-based participants?,"Methods/sampling page, participant country, and which experiment it applies to.",false,,manual_download_needed,bronze,"Open location indexed, but no verified PDF could be downloaded automatically",complete article,,https://www.cambridge.org/core/services/aop-cambridge-core/content/view/5BBACB75CF59C10E1B42AB20D9F085F0/S1047198717000407a.pdf/div-class-title-the-number-of-choice-tasks-and-survey-satisficing-in-conjoint-experiments-div.pdf,,0,0,0,0,0,"Teppei Yamamoto: US 3→4, rank 53→46",,,0,,
59,6,85172870189,85172870189.pdf,Media Measurement Matters: Estimating the Persuasive Effects of Partisan Media with Survey and Behavioral Data,2023,Journal of Politics,10.1086/724960,https://doi.org/10.1086/724960,36159270600,Teppei Yamamoto,1,Available metadata does not locate the experimental sample.,Does at least one experimental sample include US-based participants?,"Methods/sampling page, participant country, and which experiment it applies to.",false,,manual_download_needed,closed,No open location found in the checked metadata; manual search or institutional access may succeed,complete article,,https://doi.org/10.1086/724960,,0,0,0,0,0,"Teppei Yamamoto: US 3→4, rank 53→46",,,0,,
60,6,105001181982,105001181982.pdf,Priming Bias Versus Post-Treatment Bias in Experimental Designs,2025,Political Analysis,10.1017/pan.2025.3,https://doi.org/10.1017/pan.2025.3,36159270600,Teppei Yamamoto,1,Available metadata does not locate the experimental sample.,Does at least one experimental sample include US-based participants?,"Methods/sampling page, participant country, and which experiment it applies to.",false,,manual_download_needed,closed,No open location found in the checked metadata; manual search or institutional access may succeed,complete article,,https://doi.org/10.1017/pan.2025.3,,0,0,0,0,0,"Teppei Yamamoto: US 3→4, rank 53→46",,,0,,
85,9,85132650412,85132650412.pdf,Aiding War or Peace? The Insiders’ View on Aid to Postconflict Transitions,2022,Journal of Politics,10.1086/718353,https://doi.org/10.1086/718353,36676605900,Gabriele Spilker,1,Global expert sample without a country breakdown; US participation cannot be assumed.,Does at least one experimental sample include US-based participants?,"Methods/sampling page, participant country, and which experiment it applies to.",true,85132650412.pdf,local_pdf_awaiting_review,green,PDF acquired; geography review pending,Appendix A with respondent country distribution,Aid experts work in 186 countries; the main paper does not identify which respondents are US-based. Global coverage alone is insufficient.,https://kops.uni-konstanz.de/server/api/core/bitstreams/636c1cff-2b36-43ab-a78a-c686d4697931/content,https://kops.uni-konstanz.de/server/api/core/bitstreams/636c1cff-2b36-43ab-a78a-c686d4697931/content,0,1,1,0,0.0212766,"Gabriele Spilker: US 3→4, rank 53→46",,,0,,
106,11,84929260244,84929260244.pdf,How Not to Increase Participation in Local Government: The Advantages of Experiments When Testing Policy Interventions,2016,Public Administration Review,10.1111/puar.12387,https://doi.org/10.1111/puar.12387,7401620196,Daniel M. Butler,1,Local government experiment without country.,Does at least one experimental sample include US-based participants?,"Methods/sampling page, participant country, and which experiment it applies to.",false,,manual_download_needed,closed,No open location found in the checked metadata; manual search or institutional access may succeed,complete article,,https://doi.org/10.1111/puar.12387,,0,0,0,0,0,"Daniel M. Butler: US 3→4, rank 53→46",,,0,,
107,11,84938501817,84938501817.pdf,How Politicians Discount the Opinions of Constituents with Whom They Disagree,2016,American Journal of Political Science,10.1111/ajps.12206,https://doi.org/10.1111/ajps.12206,7401620196,Daniel M. Butler,1,State and local officials without named country.,Does at least one experimental sample include US-based participants?,"Methods/sampling page, participant country, and which experiment it applies to.",false,,manual_download_needed,closed,No open location found in the checked metadata; manual search or institutional access may succeed,complete article,,https://doi.org/10.1111/ajps.12206,,0,0,0,0,0,"Daniel M. Butler: US 3→4, rank 53→46",,,0,,
108,11,84944081200,84944081200.pdf,Uncovering the circumstances of performance information use findings from an experiment,2016,Public Performance and Management Review,10.1080/15309576.2016.1071160,https://doi.org/10.1080/15309576.2016.1071160,56354967100,Donald P. Moynihan,1,Budget scenarios without sample country.,Does at least one experimental sample include US-based participants?,"Methods/sampling page, participant country, and which experiment it applies to.",false,,manual_download_needed,closed,No open location found in the checked metadata; manual search or institutional access may succeed,complete article,,https://doi.org/10.1080/15309576.2016.1071160,,0,0,0,0,0,"Donald P. Moynihan: US 3→4, rank 53→46",,,0,,
109,11,84992092827,84992092827.pdf,Recruitment and Perceptions of Gender Bias in Party Leader Support,2016,Political Research Quarterly,10.1177/1065912916668412,https://doi.org/10.1177/1065912916668412,7401620196,Daniel M. Butler,1,Municipal officeholders without country.,Does at least one experimental sample include US-based participants?,"Methods/sampling page, participant country, and which experiment it applies to.",false,,manual_download_needed,closed,No open location found in the checked metadata; manual search or institutional access may succeed,complete article,,https://doi.org/10.1177/1065912916668412,,0,0,0,0,0,"Daniel M. Butler: US 3→4, rank 53→46",,,0,,
110,11,85019676280,85019676280.pdf,How do politicians attribute bureaucratic responsibility for performance? Negativity bias and interest group advocacy,2017,Journal of Public Administration Research and Theory,10.1093/jopart/muw060,https://doi.org/10.1093/jopart/muw060,56354967100,Donald P. Moynihan,1,Elected officials without country.,Does at least one experimental sample include US-based participants?,"Methods/sampling page, participant country, and which experiment it applies to.",false,,manual_download_needed,green,"Open location indexed, but no verified PDF could be downloaded automatically",complete article,,https://jpart.oxfordjournals.org/content/early/2016/10/17/jopart.muw060.abstract,,0,0,0,0,0,"Donald P. Moynihan: US 3→4, rank 53→46",,,0,,
111,12,85064259638,85064259638.pdf,"Partisan Alignment, Performance, and Citizen Approval of Political Actors",2019,American Politics Research,10.1177/1532673X19835780,https://doi.org/10.1177/1532673X19835780,35784707400,Susan M. Miller,1,Available metadata does not locate the experimental sample.,Does at least one experimental sample include US-based participants?,"Methods/sampling page, participant country, and which experiment it applies to.",false,,manual_download_needed,closed,No open location found in the checked metadata; manual search or institutional access may succeed,complete article,,https://doi.org/10.1177/1532673X19835780,,0,0,0,0,0,"Susan M. Miller: US 3→4, rank 53→46",,,0,,
112,12,85106176160,85106176160.pdf,Pass the buck or the buck stops here? The public costs of claiming and deflecting blame in managing crises,2022,Journal of Public Policy,10.1017/S0143814X21000039,https://doi.org/10.1017/S0143814X21000039,55494876700,David R. Miller,1,Available metadata does not locate the experimental sample.,Does at least one experimental sample include US-based participants?,"Methods/sampling page, participant country, and which experiment it applies to.",false,,manual_download_needed,closed,No open location found in the checked metadata; manual search or institutional access may succeed,complete article,,https://doi.org/10.1017/S0143814X21000039,,0,0,0,0,0,"David R. Miller: US 3→4, rank 53→46",,,0,,
113,12,85126450365,85126450365.pdf,Attitudes Toward Delegation to Presidential Commissions,2017,Presidential Studies Quarterly,10.1111/psq.12393,https://doi.org/10.1111/psq.12393,55494876700,David R. Miller,1,Available metadata does not locate the experimental sample.,Does at least one experimental sample include US-based participants?,"Methods/sampling page, participant country, and which experiment it applies to.",false,,manual_download_needed,closed,No open location found in the checked metadata; manual search or institutional access may succeed,complete article,,https://doi.org/10.1111/psq.12393,,0,0,0,0,0,"David R. Miller: US 3→4, rank 53→46",,,0,,
114,12,85127205226,85127205226.pdf,Representative Bureaucracy and Attitudes Toward Automated Decision Making,2021,Journal of Public Administration Research and Theory,10.1093/jopart/muaa019,https://doi.org/10.1093/jopart/muaa019,35784707400,Susan M. Miller,1,Available metadata does not locate the experimental sample.,Does at least one experimental sample include US-based participants?,"Methods/sampling page, participant country, and which experiment it applies to.",false,,manual_download_needed,closed,No open location found in the checked metadata; manual search or institutional access may succeed,complete article,,https://doi.org/10.1093/jopart/muaa019,,0,0,0,0,0,"Susan M. Miller: US 3→4, rank 53→46",,,0,,
115,12,85137333494,85137333494.pdf,The effect of human versus automated interaction on willingness to participate in government programs: The role of representation,2023,Public Administration,10.1111/padm.12879,https://doi.org/10.1111/padm.12879,35784707400,Susan M. Miller,1,Available metadata does not locate the experimental sample.,Does at least one experimental sample include US-based participants?,"Methods/sampling page, participant country, and which experiment it applies to.",false,,manual_download_needed,closed,No open location found in the checked metadata; manual search or institutional access may succeed,complete article,,https://doi.org/10.1111/padm.12879,,0,0,0,0,0,"Susan M. Miller: US 3→4, rank 53→46",,,0,,
116,12,85147286875,85147286875.pdf,Responding to Uncertainty: The Importance of Covertness in Support for Retaliation to Cyber and Kinetic Attacks,2023,Journal of Conflict Resolution,10.1177/00220027231153580,https://doi.org/10.1177/00220027231153580,57188880644,Lauren Sukin,1,Available metadata does not locate the experimental sample.,Does at least one experimental sample include US-based participants?,"Methods/sampling page, participant country, and which experiment it applies to.",false,,manual_download_needed,green,"Open location indexed, but no verified PDF could be downloaded automatically",complete article,,https://eprints.lse.ac.uk/117916/1/Sulkin_responding_to_uncertainty_published.pdf,,0,0,0,0,0,"Lauren Sukin: US 3→4, rank 53→46",,,0,,
117,12,85162955443,85162955443.pdf,"Doing Good Work in a Crisis: Views of Pay and the COVID-19 Pandemic in the Public, Nonprofit, and For-Profit Sectors",2024,Review of Public Personnel Administration,10.1177/0734371X231162028,https://doi.org/10.1177/0734371X231162028,35784707400,Susan M. Miller,1,Available metadata does not locate the experimental sample.,Does at least one experimental sample include US-based participants?,"Methods/sampling page, participant country, and which experiment it applies to.",false,,manual_download_needed,green,"Open location indexed, but no verified PDF could be downloaded automatically",complete article,,https://pmc.ncbi.nlm.nih.gov/articles/PMC10225797/pdf/10.1177_0734371X231162028.pdf,,0,0,0,0,0,"Susan M. Miller: US 3→4, rank 53→46",,,0,,
118,12,85212059156,85212059156.pdf,Preferential abstention in conjoint experiments,2024,Research and Politics,10.1177/20531680241299329,https://doi.org/10.1177/20531680241299329,55494876700,David R. Miller,1,Available metadata does not locate the experimental sample.,Does at least one experimental sample include US-based participants?,"Methods/sampling page, participant country, and which experiment it applies to.",false,,manual_download_needed,gold,"Open location indexed, but no verified PDF could be downloaded automatically",complete article,,https://doi.org/10.1177/20531680241299329,,0,0,0,0,0,"David R. Miller: US 3→4, rank 53→46",,,0,,
119,12,105019368716,105019368716.pdf,"Partisanship, expertise, or connections? A conjoint survey experiment on lobbyist hiring decisions",2025,Journal of Law Economics and Organization,10.1093/jleo/ewae013,https://doi.org/10.1093/jleo/ewae013,55494876700,David R. Miller,1,Available metadata does not locate the experimental sample.,Does at least one experimental sample include US-based participants?,"Methods/sampling page, participant country, and which experiment it applies to.",false,,manual_download_needed,closed,No open location found in the checked metadata; manual search or institutional access may succeed,complete article,,https://doi.org/10.1093/jleo/ewae013,,0,0,0,0,0,"David R. Miller: US 3→4, rank 53→46",,,0,,
120,12,105038401018,105038401018.pdf,How the experience of administrative burdens affects clients’ psychological well-being: the role of negativity bias,2026,Journal of Public Administration Research and Theory,10.1093/jopart/muag004,https://doi.org/10.1093/jopart/muag004,56354967100,Donald P. Moynihan,1,Available metadata does not locate the experimental sample.,Does at least one experimental sample include US-based participants?,"Methods/sampling page, participant country, and which experiment it applies to.",false,,manual_download_needed,closed,No open location found in the checked metadata; manual search or institutional access may succeed,complete article,,https://doi.org/10.1093/jopart/muag004,,0,0,0,0,0,"Donald P. Moynihan: US 3→4, rank 53→46",,,0,,
121,13,84946492047,84946492047.pdf,An Experimental Approach to Economic Voting,2015,Political Behavior,10.1007/s11109-015-9303-y,https://doi.org/10.1007/s11109-015-9303-y,55135830500,Gábor Simonovits,1,An unnamed president and economic voting do not identify the country of the samples.,Does at least one experimental sample include US-based participants?,"Methods/sampling page, participant country, and which experiment it applies to.",false,,manual_download_needed,closed,No open location found in the checked metadata; manual search or institutional access may succeed,complete article,,https://doi.org/10.1007/s11109-015-9303-y,,0,0,0,0,0,"Gábor Simonovits: US 2→3, rank 64→53",,,0,,
122,13,85122479991,85122479991.pdf,The Hostile Mediator Phenomenon,2021,Public Opinion Quarterly,10.1093/poq/nfab035,https://doi.org/10.1093/poq/nfab035,56196951600,Omer Yair,1,US-related observational findings and Israeli studies are reported; the abstract does not identify where the embedded experiment was conducted.,Does at least one experimental sample include US-based participants?,"Methods/sampling page, participant country, and which experiment it applies to.",false,,manual_download_needed,closed,No open location found in the checked metadata; manual search or institutional access may succeed,complete article,,https://doi.org/10.1093/poq/nfab035,,0,0,0,0,0,"Omer Yair: US 0→1, rank 84→73",,,0,,
123,13,85156243509,85156243509.pdf,"Puzzling Answers to Crosswise Questions: Examining Overall Prevalence Rates, Response Order Effects, and Learning Effects",2023,Survey Research Methods,10.18148/srm/2023.v17i1.8010,https://doi.org/10.18148/srm/2023.v17i1.8010,7003772257,Thomas Hinz,1,The general-population survey's country is unspecified.,Does at least one experimental sample include US-based participants?,"Methods/sampling page, participant country, and which experiment it applies to.",false,,manual_download_needed,unknown,No open location found in the checked metadata; manual search or institutional access may succeed,complete article,,https://doi.org/10.18148/srm/2023.v17i1.8010,,0,0,0,0,0,"Thomas Hinz: US 0→1, rank 84→73",,,0,,
126,13,85088856469,85088856469.pdf,Reporting multiple dimensions of public service performance: information order effects on citizens’ willingness to use services,2022,Public Management Review,10.1080/14719037.2020.1798708,https://doi.org/10.1080/14719037.2020.1798708,7102332636,Oliver James,1,Available metadata does not locate the experimental sample.,Does at least one experimental sample include US-based participants?,"Methods/sampling page, participant country, and which experiment it applies to.",false,,manual_download_needed,closed,No open location found in the checked metadata; manual search or institutional access may succeed,complete article,,https://doi.org/10.1080/14719037.2020.1798708,,0,0,0,0,0,"Oliver James: US 2→3, rank 64→53",,,0,,
127,13,85089985354,85089985354.pdf,"Do More Options Always Benefit the Users of Public Services? An Experimental Study of School Choice, Performance, and Satisfaction",2021,Public Administration Review,10.1111/puar.13271,https://doi.org/10.1111/puar.13271,7102332636,Oliver James,1,Available metadata does not locate the experimental sample.,Does at least one experimental sample include US-based participants?,"Methods/sampling page, participant country, and which experiment it applies to.",false,,manual_download_needed,closed,No open location found in the checked metadata; manual search or institutional access may succeed,complete article,,https://doi.org/10.1111/puar.13271,,0,0,0,0,0,"Oliver James: US 2→3, rank 64→53",,,0,,
1,1,85110788543,85110788543.pdf,Defending your public kin: public sector identification and street-level bureaucrats’ perceptions of performance,2022,International Public Management Journal,10.1080/10967494.2021.1948468,https://doi.org/10.1080/10967494.2021.1948468,57203170141,Niels Bjørn Grund Petersen,1,Public high-school teachers without country.,Does at least one experimental sample include US-based participants?,"Methods/sampling page, participant country, and which experiment it applies to.",false,,manual_download_needed,closed,No open location found in the checked metadata; manual search or institutional access may succeed,complete article,,https://doi.org/10.1080/10967494.2021.1948468,,0,0,0,0,0,"Niels Bjørn Grund Petersen: US 0→1, rank 84→73",user_unavailable,User could not download. Do not request again in the next priority batch; publisher and institutional catalogue checked without a usable public PDF.,0,,
