family,query,membership_source
survey_design,(TITLE-ABS-KEY({survey experiment} OR {survey experiments} OR {survey-based experiment} OR {survey-based experiments} OR {survey based experiment} OR {survey based experiments} OR {survey-embedded experiment} OR {survey-embedded experiments} OR {survey embedded experiment} OR {survey embedded experiments} OR {survey-experimental} OR {survey experimental} OR {experimental survey} OR {experimental surveys} OR {experimental survey study} OR {experimental survey studies} OR {survey-based randomized experiment} OR {survey-based randomized experiments} OR {survey based randomized experiment} OR {survey based randomized experiments} OR {survey-based randomised experiment} OR {survey-based randomised experiments} OR {survey based randomised experiment} OR {survey based randomised experiments})) AND SRCTYPE(j) AND DOCTYPE(ar) AND PUBYEAR > 2009 AND PUBYEAR < 2027,query_revision_2026_09_10
vignette_design,(TITLE-ABS-KEY({vignette experiment} OR {vignette experiments} OR {experimental vignette} OR {experimental vignettes} OR {vignette-based experiment} OR {vignette-based experiments} OR {vignette based experiment} OR {vignette based experiments})) AND SRCTYPE(j) AND DOCTYPE(ar) AND PUBYEAR > 2009 AND PUBYEAR < 2027,query_revision_2026_09_10
contextual_design,(TITLE-ABS-KEY({framing experiment} OR {framing experiments} OR {information provision experiment} OR {information provision experiments} OR {information-provision experiment} OR {information-provision experiments} OR {scenario-based experiment} OR {scenario-based experiments} OR {scenario based experiment} OR {scenario based experiments}) AND TITLE-ABS-KEY(survey* OR questionnaire* OR respondent* OR participant*)) AND SRCTYPE(j) AND DOCTYPE(ar) AND PUBYEAR > 2009 AND PUBYEAR < 2027,participant_guards_2026_09_10
vignette_survey,(TITLE-ABS-KEY({vignette-based survey} OR {vignette-based surveys} OR {vignette based survey} OR {vignette based surveys}) AND TITLE-ABS-KEY(random* OR experiment*)) AND SRCTYPE(j) AND DOCTYPE(ar) AND PUBYEAR > 2009 AND PUBYEAR < 2027,query_revision_2026_09_10
embedded_design,(TITLE-ABS-KEY({experiment embedded in a survey} OR {experiments embedded in a survey} OR {experiment embedded in an online survey} OR {experiments embedded in an online survey} OR {embedded survey experiment} OR {embedded survey experiments} OR {survey with an embedded experiment} OR {survey with embedded experiments} OR {surveys with embedded experiments} OR {experiment in an online survey} OR {experiments in an online survey} OR {experiment within an online survey} OR {experiments within an online survey} OR {experiment in a survey} OR {experiments in a survey} OR {experiment within a survey} OR {experiments within a survey}) AND TITLE-ABS-KEY(survey* OR questionnaire* OR respondent* OR participant*)) AND SRCTYPE(j) AND DOCTYPE(ar) AND PUBYEAR > 2009 AND PUBYEAR < 2027,participant_guards_2026_09_10
factorial_randomized_vignette,(TITLE-ABS-KEY({factorial survey} OR {factorial surveys} OR {factorial vignette experiment} OR {factorial vignette experiments} OR {randomized vignette experiment} OR {randomized vignette experiments} OR {randomised vignette experiment} OR {randomised vignette experiments} OR {randomized vignette} OR {randomized vignettes} OR {randomised vignette} OR {randomised vignettes})) AND SRCTYPE(j) AND DOCTYPE(ar) AND PUBYEAR > 2009 AND PUBYEAR < 2027,query_revision_2026_09_10
text_assignment,(TITLE-ABS-KEY({randomly assigned to read} OR {randomly allocated to read} OR {randomly selected to read} OR {randomized to read} OR {randomised to read} OR {randomly assigned to a vignette} OR {randomly assigned a vignette} OR {randomly assigned to one of two vignettes} OR {randomly assigned to one of three vignettes} OR {randomly assigned to receive information} OR {randomly provided with information} OR {randomly presented with a vignette} OR {randomly presented with vignettes} OR {randomly presented with a scenario} OR {randomly shown a vignette} OR {randomly presented with information} OR {randomly exposed to information} OR {randomly assigned to receive a message} OR {randomly assigned to receive messages} OR {randomly presented with a message} OR {randomly presented with messages} OR {randomly exposed to a message} OR {randomly exposed to messages} OR {randomly shown information} OR {randomly assigned information} OR {randomly assigned a message} OR {randomly assigned messages} OR {randomly shown a message} OR {randomly shown messages}) AND TITLE-ABS-KEY(survey* OR questionnaire* OR respondent* OR participant*)) AND SRCTYPE(j) AND DOCTYPE(ar) AND PUBYEAR > 2009 AND PUBYEAR < 2027,query_revision_2026_09_10
survey_information,(TITLE-ABS-KEY({information treatment} OR {information treatments} OR {informational treatment} OR {informational treatments} OR {information experiment} OR {information experiments} OR {randomized information experiment} OR {randomized information experiments} OR {randomised information experiment} OR {randomised information experiments}) AND TITLE-ABS-KEY(survey* OR questionnaire* OR respondent* OR participant*) AND TITLE-ABS-KEY(random* OR experiment*)) AND SRCTYPE(j) AND DOCTYPE(ar) AND PUBYEAR > 2009 AND PUBYEAR < 2027,query_revision_2026_09_10
survey_wording,(TITLE-ABS-KEY({question wording experiment} OR {question wording experiments} OR {question-wording experiment} OR {question-wording experiments} OR {wording experiment} OR {wording experiments}) AND TITLE-ABS-KEY(survey* OR questionnaire* OR respondent* OR participant*)) AND SRCTYPE(j) AND DOCTYPE(ar) AND PUBYEAR > 2009 AND PUBYEAR < 2027,query_revision_2026_09_10
