scopus_id,doi,title,identity_status,document_kind,fulltext_readiness,n_pages,pdf_sha256,text_sha256,source_url,evaluation_status
105005626231,10.1017/s0007123424001017,Gendered Expectations: Do Voters Reward Women for Supporting Women's Interests?,verified_title_in_opening_pages,article_or_manuscript,ready_for_fulltext_review,19,341c2c42fc37e2605726372aabecf9c0a0391d21bb360dafb6667065c197472c,2564b7d7123ceab797811aaca7503b6c6bcddb90911cc7750ce80dfaea71162e,https://www.cambridge.org/core/services/aop-cambridge-core/content/view/1ED531AC25B077F1AFE1A88E5B086A4A/S0007123424001017a.pdf/div-class-title-gendered-expectations-do-voters-reward-women-for-supporting-women-s-interests-div.pdf,unassigned
105008461820,10.1093/poq/nfaf003,The Effects of Forecasts on the Accuracy and Precision of Expectations,verified_title_in_opening_pages,article_or_manuscript,ready_for_fulltext_review,16,8a2694f419e5b359505106de51f348f26a6c70e2661f383caf6f7817c7f24d06,1918dd6a3399f63bf7c147a39eac81413997a6b3d51a1bc33a527f4c25a7e693,,unassigned
105018094455,10.1017/bpp.2020.50,Motivated reasoning and policy information: politicians are more resistant to debiasing interventions than the general public,verified_title_in_opening_pages,article_or_manuscript,ready_for_fulltext_review,22,061e91290ef6c4d43f3adf567d94f7088310a3d9968f6e2e56c38ccecefe5d54,deb78b5812f76336fde13c5d47346305f8b927ed21f41c194f8f232b36d3576c,https://www.cambridge.org/core/services/aop-cambridge-core/content/view/A3126372516F291CDEA12772425E4FA2/S2398063X20000500a.pdf/div-class-title-motivated-reasoning-and-policy-information-politicians-are-more-resistant-to-debiasing-interventions-than-the-general-public-div.pdf,unassigned
105024003881,10.15195/v12.a17,Who Learns from Deliberative Minipublics? Identity-Based Differences in Knowledge Gains across Thirteen Citizens’ Initiative Review Experiments,verified_title_in_opening_pages,article_or_manuscript,ready_for_fulltext_review,21,1b32e6e4540a0edd9c9735e3222f82ee886d0a7b672e17ce253d58f0c496b0ec,7389c5bf29ed45377000882a9e581776ae9e4348188f190b42b4f7ee5e53d972,https://sociologicalscience.com/download/vol_12/june/SocSci_v12_388to408.pdf,unassigned
105024003881,10.15195/v12.a17,Who Learns from Deliberative Minipublics? Identity-Based Differences in Knowledge Gains across Thirteen Citizens’ Initiative Review Experiments,verified_title_in_opening_pages,supplement,needs_main_article,21,f954e0f9cd3a8ae2db1338a7ed2703dc1226691a853b2b9e8484e6a51dec085e,998e4dea8fddff3e90996abde66a780583ed892a66857a2139edb7d52ee6aa23,,unassigned
105040241040,10.1017/s1475676525100030,Congenial messages from politicians reduce affective polarization among citizens,verified_title_in_opening_pages,article_or_manuscript,ready_for_fulltext_review,13,77633ddd6e9d8c7372e28e4d54c031550937767aed0d31a71cd73f947de8c62f,f34e9373a905a0529300d9d1b73665477af618ee50561835ff4a52bb24d56125,,unassigned
105040509962,10.1017/psrm.2026.10108,Voting for gender balancing? The effect of a multiple-vote system on women’s representation,verified_title_in_opening_pages,article_or_manuscript,ready_for_fulltext_review,10,5c229eb6465c63b514e3e83cbd270ffea252318d6cd05a2d407126f2616dd502,d64c0b4c4d12f77a8c1123713fe7a0162478c3b04ed37c4d3f56e0eb73131929,https://www.cambridge.org/core/services/aop-cambridge-core/content/view/AA2804DE331A222E19ED076C80AB05D0/S2049847026101083a.pdf/voting-for-gender-balancing-the-effect-of-a-multiple-vote-system-on-womens-representation.pdf,unassigned
105040509962,10.1017/psrm.2026.10108,Voting for gender balancing? The effect of a multiple-vote system on women’s representation,verified_title_in_opening_pages,supplement,needs_main_article,34,7e0091b61c7b183f626277a758458cc48cf169fb33b72c3eb2554b0de328a914,39944df20a8ed95452bcc39d3ff0bba4f9774347f93dd124ff2066df441d3590,,unassigned
105042428497,10.1177/10434631261462445,Externalities and norms in the context of a novel virus,verified_doi_and_title_in_opening_pages,article_or_manuscript,ready_for_fulltext_review,34,4ab111970891b60fc7e057c612732a3ed2d065f0e9fcd3a680f3a8d154db8465,5c000593d091a92c46d9f8e75c2c98e9d8950ed67ab3b1575a30a156eeb7f3d5,,unassigned
80054939891,10.1017/s1049096511001247,Are financial or moral scandals worse? It depends,verified_title_in_opening_pages,article_or_manuscript,ready_for_fulltext_review,9,497205075553d82944f46bf37bcda1478fdbbeab7ead8f97b9df38b90200c6ce,494fbb8d012ceb3a47ffefa35080fff868e40bd0d7e59d9116c591f0b60d4668,,unassigned
84861746768,10.1177/1043463112440684,A simple mobility game for couples' migration decisions and some quasi-experimental evidence,verified_title_in_opening_pages,article_or_manuscript,ready_for_fulltext_review,31,62a743f59ef6de1470c8746191c5828667a41e393d9cbcc5e9675afdd63c5ea7,075dbc933518aee24a05291565deddd5ef0d038b027c19f3373f26672246b401,https://open.fau.de/bitstreams/56a87c36-8f5d-4b50-ba3d-e0024878b7ea/download,unassigned
84878013138,10.1016/j.gloenvcha.2013.01.001,Effects of civil society involvement on popular legitimacy of global environmental governance,verified_title_in_opening_pages,article_or_manuscript,ready_for_fulltext_review,11,bd04b4a248ad6d15e845df5356b6597e73b3f4721ee064bfa933c39add039312,931cb8d35df24b092da72f51defdca39bf47c1c3961eaf43a10196db0ba4b046,,unassigned
84878955277,10.1002/pam.21702,An Experimental Test of the Expectancy-Disconfirmation Theory of Citizen Satisfaction,verified_doi_and_title_in_opening_pages,article_or_manuscript,ready_for_fulltext_review,18,4e5585025f71f8c5e34b1c23b026a8193f433172b92aef4f01eb6a4548aee760,11d581d0279b22971f302f7c3811d0fbcff602daee41a32e6992a225eaf8aba3,,unassigned
84887527789,10.1177/1065912912471203,"Religious Value Priming, Threat, and Political Tolerance",verified_doi_and_title_in_opening_pages,article_or_manuscript,ready_for_fulltext_review,13,d18a6c5eda6b57216a1cfac2d2db42ecd1b27807a73e77a301d29aef85654169,cc9476e0b9ad034ee729e2dd1e31733773556d608bc116c3295bd30f44de3d8b,,unassigned
84891492083,10.1111/ajps.12054,Informing the electorate? How party cues and policy information affect public opinion about initiatives,verified_title_in_opening_pages,article_or_manuscript,ready_for_fulltext_review,15,30b6ab653c7d5a80c55c7eeea9f75f6037a9a3d7190b54f1bbfc5fb1343461d3,e977ab97ffeae1394c6c020ab5902c167013000390fbbe6d18a523fc26ae15b8,,unassigned
84901037027,10.1007/s11109-013-9238-0,The Influence of Partisan Motivated Reasoning on Public Opinion,verified_title_in_opening_pages,article_or_manuscript,ready_for_fulltext_review,30,546b18bc27792fbf9d46cb9ed3274ed39c1c2e38312aaeab6223bf98f7f500fa,da38b3c3ee33dab1e1c4620e8f1d8dc1242139c76ee45a761fcb6f849c1fe543,https://faculty.wcas.northwestern.edu/jnd260/pub/Bolsen%20Druckman%20Cook%20PBehavior%202013.pdf,unassigned
84908021986,10.1016/j.econlet.2014.09.020,Is ethnic discrimination due to distaste or statistics?,verified_title_in_opening_pages,abstract_only,needs_main_article,1,2062a3433084bd6b9ab30118fdbca022016bf266baa44759f298cfa3ac61c4c1,7a9370429327a1255d656cb3dc65d099b62df164cf1a87912888fccb1fd38a76,https://biblio.ugent.be/publication/5704419/file/5825059.pdf,unassigned
84921455919,10.1016/j.ssresearch.2014.12.003,"Privacy, technology, and norms: The case of Smart Meters",verified_title_in_opening_pages,article_or_manuscript,ready_for_fulltext_review,13,13a1cecac32fb133a1f60bf40523d7165ff490243127c43b64200f52634fee83,87fc93388ff63b42a3f44c0bc90720c5422a878f3f2fd5ff2c99177ded9dcbd6,,unassigned
84931077293,10.1111/puar.12406,Interpreting Performance Information: Motivated Reasoning or Unbiased Comprehension,verified_title_in_opening_pages,article_or_manuscript,ready_for_fulltext_review,33,365e70c9e74a283e1dd72de7564b1d3f81cc61764f4897ff007d540867bf6969,00c374297d707eb57148458062d9ceb0abecd8260f066a2455abc7a3423ae462,https://pure.au.dk/ws/files/119800935/Interpreting_Performance_Information_Accepted_manuscript_2016.pdf,unassigned
84943199945,10.1111/jcom.12171,Counteracting the Politicization of Science,verified_title_in_opening_pages,article_or_manuscript,ready_for_fulltext_review,40,d0db313fe9b9782776dd39d500649a2e8078130866c445936251447b26079d82,2a592183b66c4f146c1b131a7d6f064a8714d71033c99ba7b2964c2de5335e3d,https://faculty.wcas.northwestern.edu/jnd260/pub/Bolsen%20Druckman%20JComm%202015.pdf,unassigned
84944232504,10.1016/j.ssresearch.2015.09.004,From the general to the specific: How social trust motivates relational trust,verified_title_in_opening_pages,article_or_manuscript,ready_for_fulltext_review,15,e50954cf802d2bc6de5ad2c33d382dbd0fbb69f70aefcb651ee21a5fa4fb9529,0b10ef5d08f65c8a6daf50ee8ae7d5c9aae58bedfd569f062436b4b04b892072,,unassigned
84957805398,10.1111/pops.12186,"Emotional, Sensitive, and Unfit for Office? Gender Stereotype Activation and Support Female Candidates",verified_title_in_opening_pages,article_or_manuscript,ready_for_fulltext_review,18,c15585c4d2089005910788511cf2e4b8ccb0551e954a186407776557f792dada,d29a408e8bdb9898f30a12bf1df471c8ab7e30d58434316e067661c4ff16a4c3,,unassigned
84975789795,10.1038/nclimate2948,Simple reframing unlikely to boost public support for climate policy,verified_title_in_opening_pages,article_or_manuscript,ready_for_fulltext_review,5,e32007e599f49b7b72fa12c93b88c196ab04b345ee70eb12667c122ee972d2e1,bd6a37e64eb6dce03d725c7221ba0a7a06a0f22bea5ac6c1327bcde26f5a8d36,,unassigned
84977676153,10.1111/pbaf.12091,Causes of Fiscal Illusion: Lack of Information or Lack of Attention?,verified_title_in_opening_pages,article_or_manuscript,ready_for_fulltext_review,35,338399de4bd4fa5a0509c8f7fe6576176824291f86419a0b95642fc943ce86c0,67bd03cdc01f107e4be50e77c320fa30035af31941ad173bec56ae07869423c8,https://pure.au.dk/ws/files/119801786/Causes_of_fiscal_illusion_Accepted_manuscript_2016.pdf,unassigned
84980398257,10.1080/10584609.2016.1200700,"To Denounce, or Not To Denounce: Survey Experiments on Diplomatic Quarrels",verified_title_in_opening_pages,article_or_manuscript,ready_for_fulltext_review,19,2774cfaa5fdcbf91b908d67cfae3b0da6d18a3734f855e9d7a08be2199c81cb3,a279ef0cef5b86ebb60da60b57d8e2e15e6547f28a6e797e0ed101ae367b6791,https://eprints.lib.hokudai.ac.jp/repo/huscap/all/66352/10584609.2016.pdf,unassigned
84992341283,10.1080/09644016.2016.1244964,Do global climate summits influence public awareness and policy preferences concerning climate change?,verified_title_in_opening_pages,article_or_manuscript,ready_for_fulltext_review,45,833f86afa2a334da822235687ad8a68a8262d93136e5a130228f2abb79c47e73,504f26d8783def48bb219a0c69340d9ebdf08a66cab9b605fc84e67f695e3b20,https://repository.essex.ac.uk/17736/1/Bakaki%20%20Bernauer.pdf,unassigned
85012122035,10.1017/xps.2015.19,The Generalizability of Survey Experiments,verified_title_in_opening_pages,article_or_manuscript,ready_for_fulltext_review,45,bbf8eb9ce5e27107844597fb38a2ec06e42a412283b5d5e69dad75e77894f4ea,1f1e38b1d4d73b5b0fc6fd624fb29f03b7a8e2aed35660be9144515a88e32a5f,https://faculty.wcas.northwestern.edu/jnd260/pub/The%20Generalizability%20of%20Survey%20Experiments.pdf,unassigned
85012893728,10.1016/j.ssresearch.2017.01.003,Housework share between partners: Experimental evidence on gender-specific preferences,verified_title_in_opening_pages,article_or_manuscript,ready_for_fulltext_review,22,6627e05871435923826555fb3652f0b0a10e7ce7cc9a4ce91d41fe4ad8e7b45f,19a93aef0bbabf436c15b5d549cdbe572fa7fd2cadda4fbec21d31537cb5fc41,https://www.repository.cam.ac.uk/bitstreams/2365f107-ddd9-41fd-a9cd-53a65dfbd487/download,unassigned
85029279527,10.1093/isq/sqw019,Sanction consequences and citizen support: A survey experiment,verified_title_in_opening_pages,article_or_manuscript,ready_for_fulltext_review,29,a9edffc622e792b1ca290e8acf76fc79a80ef7d459a0e6d737eee816120f58e4,c7c033dd7482bab250c43081fd1ea80061c051be865eb62d48bee668ea9404cd,,unassigned
85030544249,10.1111/1745-9125.12153,TOWARD A BIFURCATED THEORY OF EMOTIONAL DETERRENCE,verified_title_in_opening_pages,article_or_manuscript,ready_for_fulltext_review,32,a87e2ae45ec3484e8db9b4e085439a2c0885617c6910a0ebf7c6fa65a5d30e52,b2f74ca91f32953cd0848c2299add763ae7877b87652ad3793c5c0ac9ba02849,,unassigned
85034662474,10.1111/pops.12362,Ratio Bias and Policy Preferences: How Equivalency Framing of Numbers Can Affect Attitudes,verified_title_in_opening_pages,article_or_manuscript,ready_for_fulltext_review,18,37d458b13c4c28cf548005dc5516b564546896ab22b9d25dcc185edf79549968,90085400edd3036e126f1526651965af402bc65fd17be0806fae6a01f793c8a0,https://www.asc.upenn.edu/sites/default/files/2021-03/Ratio%20Bias%20and%20Policy%20Preferences-%20How%20Equivalency%20Framing%20of%20Numbers%20Can%20Affect%20Attitudes.pdf,unassigned
85042721612,10.1017/s0007123417000503,How Do People Evaluate Foreign Aid To 'Nasty' Regimes?,verified_title_in_opening_pages,article_or_manuscript,ready_for_fulltext_review,25,3ddc22a01722949d31e45679c28c85db1c2553c6f5df773de26fe0b8888f1884,7acedf1e938055b7ba8f34f4d08ae075fadf8f1af8a50bedcccb1c9c45b2b20b,https://www.cambridge.org/core/services/aop-cambridge-core/content/view/6523AD61760973CA8EDE53A9B40F69D5/S0007123417000503a.pdf/div-class-title-how-do-people-evaluate-foreign-aid-to-nasty-regimes-div.pdf,unassigned
85046533072,10.1017/s0020818318000188,A dispositional theory of reputation costs,verified_title_in_opening_pages,article_or_manuscript,ready_for_fulltext_review,32,ff01574ba12a826a576e738a9f401f2c6985871db1eba340910f85f7a75ddaa6,6eb833c1d8f04f74b229aad42d89e523ecbbad51d0dcfa9dbb7580e91dd2e8fa,,unassigned
85046645518,10.1017/xps.2017.7,Politicians Appear More Competent When Using Numerical Rhetoric,verified_title_in_opening_pages,article_or_manuscript,ready_for_fulltext_review,22,27288a2419b5f471f972daa14253059c9a42877c1d723da3b2e83a461a24501e,f746f00243a0ec1ee7c5288e50e1d7b341ed0f3c646342ad1cb22b63d0221436,,unassigned
85050296213,10.1007/s11109-018-9480-6,Roadmaps to Representation: An Experimental Study of How Voter Education Tools Affect Citizen Decision Making,verified_title_in_opening_pages,article_or_manuscript,ready_for_fulltext_review,24,5ed99ada65263665aef0920de2e5370cf3dd583fef358d98883680600cc0bdc6,61fac2df761f57a15c76da7278e7fab90c5ee0514aab80128e17221e131015db,,unassigned
85056771847,10.1057/s41269-018-0124-y,Does high on the ballot means highly competent? Explaining the ballot position effect in list-PR systems,verified_title_in_opening_pages,article_or_manuscript,ready_for_fulltext_review,18,8baed0c703b6208c117360abc453fb366fd1edfa5f3fd568a56b9fe472bf7a5b,8052a951f033880bd7cfd4d9b3ed129bae1b7d09287de345ff5abc6ae1f06622,,unassigned
85056907668,10.1093/esr/jcy039,Why are employers put off by long spells of unemployment?,verified_title_in_opening_pages,article_or_manuscript,ready_for_fulltext_review,37,761ecf6b970ca53597d35ccfc007b540ab88b0aa7022baf4ccf2bd05786d40a5,fb98c1f1782e5b82d0ce9a53aba98317564668ac79fb098d629d8bfd12e411c7,https://biblio.ugent.be/publication/8577980/file/8577981.pdf,unassigned
85057578602,10.1073/pnas.1808083115,Generalizability of heterogeneous treatment effect estimates across samples,verified_title_in_opening_pages,article_or_manuscript,ready_for_fulltext_review,6,8aac74304338c8f1c0884c23afbf4cd4201ce924f4ff602381017df3fbd49d46,607814349af9b7d697ecde496f7bd4486d5c278ce8f533c049f6e7b176e7f94e,,unassigned
85059905845,10.1080/10967494.2018.1461152,Those Who Understand It will not be Persuaded: A Performance Information Paradox,verified_title_in_opening_pages,article_or_manuscript,ready_for_fulltext_review,39,f748465394897e35c8fb073ddae821fc2b4ba1a0bc33b5fc454b7284b65b824f,cc882e4b80282a445f1a4d975296e421e7b8e1b054d25643e042954b81c67789,https://pure.au.dk/ws/files/188713454/Those_who_understand_it_will_not_be_persuaded_Accepted_manuscript_2020.pdf,unassigned
85060580173,10.1177/1532673x18821359,Should I Cast an Ill-Informed Ballot? Examining the Contours of the Normative Obligation to Vote,verified_doi_and_title_in_opening_pages,article_or_manuscript,ready_for_fulltext_review,19,41b0076e1b369e8701ca846308cc986fa4d023bf2981b3ba8c4b23966fb31d2a,0dd97ea9fe745a4af7daac04648b95796538adedbdfbfea79d3431e51f514621,,unassigned
85062262291,10.1093/jopart/muy035,Acceptance or disapproval: Performance information in the eyes of public frontline employees,verified_title_in_opening_pages,article_or_manuscript,ready_for_fulltext_review,63,e2413ef5a028323ce202afd06874318f8b5ade01a67146ecf15bc2918ace9fb9,b0db45f0b303c4bdc44f7865444e125cba6f780ce9c938a870b9c864b6da5071,https://pure.au.dk/ws/files/210852740/Acceptance_or_Disapproval_Accepted_manuscript_2019.pdf,unassigned
85063328286,10.1017/s026021051900007x,Institutional sources of legitimacy for international organisations: Beyond procedure versus performance,verified_title_in_opening_pages,article_or_manuscript,ready_for_fulltext_review,20,848fc96c10d3aad2fa8d9e047bc9f9e44017c90601f75c04a8d2cb1c1e63cc5e,cf7c61e60c41dc309f2622e409541bae2c46f72e9cebb9aacf12e275220bc9e7,https://www.cambridge.org/core/services/aop-cambridge-core/content/view/AE6F86C3936E6BFD02740B30F4123EDE/S026021051900007Xa.pdf/div-class-title-institutional-sources-of-legitimacy-for-international-organisations-beyond-procedure-versus-performance-div.pdf,unassigned
85066605513,10.1017/xps.2018.27,Language Heightens the Political Salience of Ethnic Divisions,verified_title_in_opening_pages,article_or_manuscript,ready_for_fulltext_review,10,cc6c7df84d0945e597e9cf94a9b17fc51353b4c491158d072915b68f79bf0d53,cc49593392d04ce8ee47a11c7bdb9e796801f66cac4b831d8fd1dabf338993e5,,unassigned
85066842117,10.1177/0022343319832641,"Backing up, not backing down: Mitigating audience costs through policy substitution",verified_doi_and_title_in_opening_pages,article_or_manuscript,ready_for_fulltext_review,16,bbab15d95059828ce70c9dc990f6e229b0231a34653a70c12fd13f4b97ff9847,32b276cf9689d23d1d9670d14b4cc4804e92907c5b2e34366b9d2958ec7e4b36,,unassigned
85068002083,10.1111/1467-9477.12146,Rewarding the Top: Citizens' Opposition to Higher Pay for Politicians,verified_title_in_opening_pages,article_or_manuscript,ready_for_fulltext_review,20,22d76ca439cad54b96eee58b3a7997aa8b8fb11f54844b0844c1a73034ecdc33,07346747ccbdda5ac1361cbf5669060148b6727c9e49a567d74e00b0f5a75483,,unassigned
85070986430,10.1016/j.electstud.2019.102066,Voter reactions to candidate background characteristics depend on candidate policy positions,verified_doi_and_title_in_opening_pages,article_or_manuscript,ready_for_fulltext_review,10,fb762120b0119ceabd961f7c50f6260864e3171cbcdfcd78c8c502af7e3560ca,8da030e3c699174f3d5181c094f6db3dc674e2f09d8b0efe4b096b670f95b784,,unassigned
85073310147,10.1111/psq.12392,The Specter of Supreme Court Criticism: Public Opinion and Unilateral Action,verified_title_in_opening_pages,article_or_manuscript,ready_for_fulltext_review,24,e8161944cc95bd50540cc3aacef1613721301eb1477b3d3cdd56af36f5f02312,ae6e83f9f57e3ad69255ff9b7c15144bfbef8ab96928aab0aa5d2a5ca66887fa,,unassigned
85074603977,10.1080/1369118x.2019.1684542,Technology use and norm change in online privacy: experimental evidence from vignette studies,verified_title_in_opening_pages,article_or_manuscript,ready_for_fulltext_review,18,a1531d814198f2b162b3f3c28aa7b400caa3854a8e4262d71c29f7c4d63ad747,f0e1df4fee5da44480f08e4fe4222802216868934af5c757a1af860f6e29d634,,unassigned
85075374121,10.1177/1525822x19886827,"Different Order, Different Results? The Effects of Dimension Order in Factorial Survey Experiments",verified_doi_and_title_in_opening_pages,article_or_manuscript,ready_for_fulltext_review,15,90310a4aa424368b6aea1b1dabd9144dc5dc5e7aa17dfbf91515eba023d59cdb,6b86eb18190ed99c11fb7fe7d37b6e81746f87df10b54d90dab07d1f959b8287,https://kops.uni-konstanz.de/server/api/core/bitstreams/48b5db51-1acd-4359-a1af-de0b69695d2f/content,unassigned
85079670115,10.1017/s0007123419000620,Elite Communication and the Popular Legitimacy of International Organizations,verified_title_in_opening_pages,article_or_manuscript,ready_for_fulltext_review,22,90b78a916dc59b6a06383187f15561110b9e03d6fb3f2f1ceae12b2481d5c85f,7efb3a3889fca589e126f8a6e815bfba1b1be3dcaf63a3a858bbeef08f6397e5,https://www.cambridge.org/core/services/aop-cambridge-core/content/view/7F523BC4FFC8E0E8B852D497D0CFAC47/S0007123419000620a.pdf/div-class-title-elite-communication-and-the-popular-legitimacy-of-international-organizations-div.pdf,unassigned
85081613400,10.1016/j.econedurev.2020.101979,What do student jobs on graduate CVs signal to employers?,verified_title_in_opening_pages,article_or_manuscript,ready_for_fulltext_review,47,e062b295561a4044a3a2dc65357d4c32f841dd7d9c7be1bc248d234dccbd9685,8eea91fe58ed10ae4775dff82a0bfa1b6868c703c40fc5a59f46de792b4f51f5,https://biblio.ugent.be/publication/8663381/file/8663633.pdf,unassigned
85083358513,10.1177/0032321719850073,Citizen Attitudes on Politicians’ Pay: Trust Issues Are Not Solved by Delegation,verified_title_in_opening_pages,article_or_manuscript,ready_for_fulltext_review,37,50d951b6fe68d4d6ec8d7ebdc16b2f283cf98ff42d7110c9909960179b4b5da5,7a2661148c3d54a2d29d406cbb57517f78b07dd2bc47dabbeaa3667a563ac224,https://curis.ku.dk/ws/files/240634428/Citizen_attitudes_on_politicians_pay_postprint.pdf,unassigned
85101015159,10.1177/1065912921990744,TRENDS: Following the Money? How Donor Information Affects Public Opinion about Initiatives,verified_doi_and_title_in_opening_pages,article_or_manuscript,ready_for_fulltext_review,15,956c55b3d94641854de132505143378c1f1f07408d3901e5e43f241fedf0cf53,08917e5725ac728228b11dcf653afb0c6327a3d89b84dfc634ccbfe6b6a68a17,,unassigned
85101069099,10.17645/mac.v9i1.3519,"You’re definitely wrong, maybe: Correction style has minimal effect on corrections of misinformation online",verified_title_in_opening_pages,article_or_manuscript,ready_for_fulltext_review,14,7197e68e93b2250e296104c257fd7a66af42b79e9014cb51e4c25d4467a0ecfc,39e92d3d4b6b5000a8d64d525923669980a6dfe23770be3bdc8a004a7219765b,https://dspace.mit.edu/bitstream/1721.1/129719/1/MaC%209%281%29%20-%20You%27re%20Definitely%20Wrong%2c%20Maybe%20Correction%20Style%20Has%20Minimal%20Effect%20on%20Corrections%20of%20Misinformation%20Online.pdf,unassigned
85101177545,10.1017/s000712342000071x,Can Elites Escape Blame by Explaining Themselves? Suspicion and the Limits of Elite Explanations,verified_title_in_opening_pages,article_or_manuscript,ready_for_fulltext_review,20,fc8f7f0792525e4afeefde716b368e58f7c75c55bc3bd3220d5d89964852972f,8e182b0280e5966a38570eb253fade896591b30a810dcea7eda03ac6ff8a15f8,https://www.cambridge.org/core/services/aop-cambridge-core/content/view/491AED536795BE092829A33B16D23B57/S000712342000071Xa.pdf/div-class-title-can-elites-escape-blame-by-explaining-themselves-suspicion-and-the-limits-of-elite-explanations-div.pdf,unassigned
85103049149,10.1038/s41586-021-03344-2,Shifting attention to accuracy can reduce misinformation online,verified_title_in_opening_pages,article_or_manuscript,ready_for_fulltext_review,84,e41d48620e853b6211e46d6d015e111842381616bab0d956e2f7fe5e6f266e85,e405648f42b79b190a5f080163021f663f01ecdc3ee87deb4d926c6465a4d720,https://ide.mit.edu/sites/default/files/publications/Pennycook%20et%20al%20-%20Shifting%20attention%20to%20accuracy.pdf,unassigned
85103905289,10.1177/07311214211005493,Testing an Integrated Theory: Distancing Norms in the Early Months of Covid-19,verified_doi_and_title_in_opening_pages,article_or_manuscript,ready_for_fulltext_review,18,e15cdda6f3822853abb7dbf30939b1fa69581620f872d3111367f907efcd7721,73fd44090ee9ed1897519da65318ce40f0fd2f8cbb91783d663a7bbda3cf3f36,,unassigned
85106950513,10.1177/20531680211014980,The limited effects of partisan and consensus messaging in correcting science misperceptions,verified_doi_and_title_in_opening_pages,article_or_manuscript,ready_for_fulltext_review,9,f8bd1049e9ef2ca901168442a25b43061ee4d39524817b27aa8fd20b19a88e1b,5b7ba9f5859f368b15af725229dd2bf8bf1858f326f13849cd407d642decbf50,,unassigned
85112464435,10.1162/glep_a_00607,Environmental impacts and public opinion about international trade: Experimental evidence from six oecd countries,verified_title_in_opening_pages,article_or_manuscript,ready_for_fulltext_review,29,e7f8d78ddb3c89cabbf667a6c687f40b6abf63f766654f21386c9bf4e0aa53d7,75ab150f38099e75c8dc3163fce7da7511b339545cd87629f34ae0c11e59d97a,https://openresearch-repository.anu.edu.au/bitstreams/01ebfb1a-9f8b-4965-8e13-f6ec852098f6/download,unassigned
85117921915,10.37016/mr-2020-71,Developing an accuracy-prompt toolkit to reduce COVID-19 misinformation online,verified_title_in_opening_pages,article_or_manuscript,ready_for_fulltext_review,12,41eb31cfea32ce5c943485f39d165a65bac9669612a38c7a7144b24805684887,310d7eac039772dc55bd3cf2b08a96f63ce1a59bd6a732aab5190d483edc45a6,https://misinforeview.hks.harvard.edu/wp-content/uploads/2021/05/epstein_toolkit_covid_19_misinformation_20210518.pdf,unassigned
85118791111,10.1086/713930,Helping Us or Helping Them? What Makes Foreign Aid Popular with Donor Publics?,verified_title_in_opening_pages,article_or_manuscript,ready_for_fulltext_review,20,9bd10a2cf23692cd8a35cf749ef6ff0937f40be5bbe42fef9b0634083963e99f,25d1351a40986c1907234658024e33cde0b736f0c1700d50552e0bdfab575e3f,https://openresearch-repository.anu.edu.au/bitstreams/6212dd1c-d8d2-48f1-96fb-f07d2df269da/download,unassigned
85118939204,10.1017/s0003055421001234,The Influence of Unknown Media on Public Opinion: Evidence from Local and Foreign News Sources,verified_title_in_opening_pages,article_or_manuscript,ready_for_fulltext_review,15,8e4f832aa41cfe9351c834a52aa1942af466d9d32ca7f083ddbbae63044b55c3,611bcab981a57f8cd918db4ff0b8c9a402841d36d8f5b65536129177e77f2459,https://www.cambridge.org/core/services/aop-cambridge-core/content/view/DFD12CDB41B0774A62687F6DA2B07540/S0003055421001234a.pdf/the-influence-of-unknown-media-on-public-opinion-evidence-from-local-and-foreign-news-sources.pdf,unassigned
85122139505,10.1017/xps.2020.7,Inferring Intentions from Consequences: How Moral Judgments Shape Citizen Perceptions of Wartime Conduct,verified_title_in_opening_pages,article_or_manuscript,ready_for_fulltext_review,5,5b1033e73832c3b889c1758527076b85a2cec4a703a6c409a491cb8af8baa638,af1b238307ea0aa85db6698a22f47e64367e92902937ad3d08558ea71c9b1120,,unassigned
85126369047,10.1017/s0020818322000030,Relative Gains in the Shadow of a Trade War,verified_title_in_opening_pages,article_or_manuscript,ready_for_fulltext_review,25,7931e8009ae256cef6d20f9866681db499b58e2dca2aa59d08d7b9b9ad128cb7,07893076358d9c4d7247b9bd8c0d97f79b8de5f74baaae24795c5febdd1a1e50,https://www.cambridge.org/core/services/aop-cambridge-core/content/view/69116FB63B32F1A174893DFEC239FEC8/S0020818322000030a.pdf/div-class-title-relative-gains-in-the-shadow-of-a-trade-war-div.pdf,unassigned
85129722512,10.1086/717085,Partisan Influence in Suspicious Times,verified_title_in_opening_pages,article_or_manuscript,ready_for_fulltext_review,37,b82fe0078d80d4857c2398288c51f7fbb15246e135d41bcb9190d05b6155c0ec,550341f448b22da447e21219b013cc1ec92b0c48ca51c0cf64056bd9016a352d,https://scholarlypublications.universiteitleiden.nl/access/item%3A3264112/view,unassigned
85130585909,10.37016/mr-2020-83,Digital literacy is associated with more discerning accuracy judgments but not sharing intentions,verified_title_in_opening_pages,article_or_manuscript,ready_for_fulltext_review,13,7dc5d8c9d35dc0925e33eb53d68fc7851dd97abd306949bec8923dd1338cfff7,89d268740cb77d06231aa2a697e5daa4c0a5e15996a88e6e1d869949f6ba70ba,https://misinforeview.hks.harvard.edu/wp-content/uploads/2021/12/sirlin_digital_literacy_20211206.pdf,unassigned
85131596715,10.1177/00220027221106960,Wargame of Drones: Remotely Piloted Aircraft and Crisis Escalation,verified_title_in_opening_pages,article_or_manuscript,ready_for_fulltext_review,38,94092ab4b8a1ea13cb5fb9c6660241b0657045005df96af9401b0963ba0fbd21,14a057a6c52ccf9f3ef73626f9349ef1b5a00b31f64ca53d5250defa39e24dd3,https://dspace.mit.edu/bitstreams/ff8cc981-0616-446a-ad87-1c838d1aff45/download,unassigned
85132650412,10.1086/718353,Aiding War or Peace? The Insiders’ View on Aid to Postconflict Transitions,verified_title_in_opening_pages,article_or_manuscript,ready_for_fulltext_review,14,65d896c3dedc0c61776bdc01701bf1cf14fa3f7befb43fedf643df8460a47f6a,74ea4a41d477a7b33f8e8ca5aabe9d45c7843e6dc743ac78183c8d229d21f2ae,https://kops.uni-konstanz.de/server/api/core/bitstreams/636c1cff-2b36-43ab-a78a-c686d4697931/content,unassigned
85149816643,10.1017/s104909652200138x,Your Honor's Misdeeds: The Consequences of Judicial Scandal on Specific and Diffuse Support,verified_title_in_opening_pages,article_or_manuscript,ready_for_fulltext_review,6,9da4b81ed051e7faf9df2f54f5030eacdc576d7973cb269bdfe14d3e90edd62d,cd304e6f70d8888d54128f625ee720b5b7146c46f025f0033e2271ebf8db49ec,https://www.cambridge.org/core/services/aop-cambridge-core/content/view/5CDA6C8310E01A1E1FFCF66A60C05ADD/S104909652200138Xa.pdf/div-class-title-your-honor-s-misdeeds-the-consequences-of-judicial-scandal-on-specific-and-diffuse-support-div.pdf,unassigned
85172898837,10.1017/spq.2023.6,Public Support for Professional Legislatures,verified_title_in_opening_pages,article_or_manuscript,ready_for_fulltext_review,13,0667fb8546a75e445b6e51c87a5208c378d7c67735391a813a7c017a81679b2f,4b0c87d26f434149616eb7dd9de02788063fb26ed5202be531d53fb0a106183e,https://www.cambridge.org/core/services/aop-cambridge-core/content/view/2FDA886A16A801687CFFF5154C36B401/S1532440023000063a.pdf/div-class-title-public-support-for-professional-legislatures-div.pdf,unassigned
85174000856,10.1017/xps.2022.19,The Civic Option? Using Experiments to Estimate the Effects of Consuming Information in Local Elections,verified_title_in_opening_pages,article_or_manuscript,ready_for_fulltext_review,12,8c6efb96c9d3ffa5e21978463ece0ab48876ca6bd2f5a0c264eb83f47529e4c2,0d068b455225b069035b951d108d2a67b71b0be556e701bc91c61b0f1781c765,,unassigned
85175473443,10.1017/s0007123422000746,How do Voters Form Perceptions of Party Positions?,verified_title_in_opening_pages,article_or_manuscript,ready_for_fulltext_review,12,36607c1742fe7e468e7f4e810925549b90c2088ce024233e9b15d2bfa0c1d4d9,8b3f5bf5f8adaeb7f74e62a9e6769400fcf37cb93f854c3c51f5141635304fc7,https://www.cambridge.org/core/services/aop-cambridge-core/content/view/88AFC9BC1B46E6D06E75AED0859C2C10/S0007123422000746a.pdf/div-class-title-how-do-voters-form-perceptions-of-party-positions-div.pdf,unassigned
85175738454,10.1111/puar.13751,It's not merely about the content: How rules are communicated matters to administrative burden,verified_title_in_opening_pages,article_or_manuscript,ready_for_fulltext_review,21,bef72ce5df6ac057db38657dad30c590d3b7b9c74288fb8e3af89f5db92358fe,a489e10522de8a0b7d65ba09712f8d6cf61c5997211ec10a5dcdf73290e566a5,,unassigned
85180219290,10.1017/psrm.2023.3,Analyze the attentive and bypass bias: Mock vignette checks in survey experiments,verified_title_in_opening_pages,article_or_manuscript,ready_for_fulltext_review,18,db8c45bca8c9457295990c6274addb11222dba650be0c45c15db66ed69464916,7bfec0051f06cb06dca10838213298bc34cc6a9d871e082f398f0cefc97093b2,https://www.cambridge.org/core/services/aop-cambridge-core/content/view/F0CDAA44C5393DEDA2E83A0E9AB3868A/S2049847023000031a.pdf/div-class-title-analyze-the-attentive-and-bypass-bias-mock-vignette-checks-in-survey-experiments-div.pdf,unassigned
85202761631,10.1007/s11109-024-09964-4,Ballot Box Representation: Spatial Voting and the Effects of Information in Direct Democracy Elections,verified_title_in_opening_pages,article_or_manuscript,ready_for_fulltext_review,26,5d563487897868f134694505b1da654b66bcf29dc2458193dc24e1d68c35285b,e0a6bbd560ec31883115ddcd49fee7c565b89d9c881829ac0a6212c34751fc15,https://d-nb.info/1348525924/34,unassigned
85202899391,10.1016/j.jebo.2024.106713,The subsidy trap: Explaining the unsatisfactory effectiveness of hiring subsidies for the senior unemployed,verified_title_in_opening_pages,article_or_manuscript,ready_for_fulltext_review,35,4f2aae00cce2e2fed1e23989536cf9d4b30f76d68520f2faac5c64f61fdb7af4,72b4ee6a9833f7b571fc17be6710e11cf2319c8c5b601797c429ba519b481873,https://biblio.ugent.be/publication/01JBH67D0S75X5ZVYYAF4R1ZS6/file/01JBH8ET1A3JMHVXE8PQ73NGC3.pdf,unassigned
85204053529,10.15195/v11.a28,Examining Attitudes toward Asians throughout the COVID-19 Pandemic with Repeated Cross-Sectional Survey Experiments,verified_title_in_opening_pages,article_or_manuscript,ready_for_fulltext_review,12,66de4162bfba111c15a1de7bd53428a84d40c8f70f9c4024e7bc6b0fdae7e67f,a265192175040799a693dc958cee421c134af74104db7eb0f7d8a46f5173dfaf,https://sociologicalscience.com/download/vol_11/august/SocSci_v11_777to788.pdf,unassigned
85208237881,10.1017/xps.2024.10,Is a Picture Worth 280 Characters?: Contextually Realistic Graphics vs. Plain Text in Survey Experiments,verified_title_in_opening_pages,article_or_manuscript,ready_for_fulltext_review,17,3e93f4eeb10ec41e9a4b57d7d96a4a1d8e99af73359d1132fabd6abcdd731202,9402cf33d66e3b02e2ef0d9d94c6fbb47fe0253064510205ce6bdb0797676e3c,https://www.cambridge.org/core/services/aop-cambridge-core/content/view/29C7A3012BFB443057F034A49414E393/S2052263024000101a.pdf/is-a-picture-worth-280-characters-contextually-realistic-graphics-vs-plain-text-in-survey-experiments.pdf,unassigned
85215433861,10.1016/j.ejpoleco.2024.102637,How do recruiters assess applicants who express a political engagement?,verified_title_in_opening_pages,article_or_manuscript,ready_for_fulltext_review,13,eeb4677abc3e66e9b58a1bdaf09e42aa8a2e42cb781d31b32d9344dd236243ad,e910ff8bec93b2a996aea6e54d6cafa8790f230fa0dd963371fc8ee3a1493cf0,https://biblio.ugent.be/publication/01JKTRH4C1417YS0BPH3YMT8NF/file/01JKTRPZ3S212GGC5QPZP3TH40.pdf,unassigned
86000435450,10.1111/padm.13004,Deservingness at the frontline: How health-related responsibility cues affect sanctioning and prioritization of citizens,verified_title_in_opening_pages,article_or_manuscript,ready_for_fulltext_review,21,0a6c5e20b304d4253e826174d68738e46f7625641e127be88a7dc103bafc9031,7d2934494b2cb5dcaa91376fa13c7a5e3cc8a1915ca2dec427603b20632010e9,https://www.vive.dk/media/pure/yz21p61v/28302827.pdf,unassigned
105033607878,10.3389/fpsyg.2026.1759683,Culture as a catalyst for regenerative co-creation: the role of yuanfen in driving customer voice through social bonds in P2P accommodation,verified_doi_and_title_in_opening_pages,article_or_manuscript,ready_for_fulltext_review,14,3c22e3a156e07a6630e170f6048205e5deb2d5f7970c2a61dc07d0953a61595c,6a5f3c21745125af0d46a8a3a0a7ccf4ae3df9b1e7c192b74eb9ee3b04e521ba,https://public-pages-files-2025.frontiersin.org/journals/psychology/articles/10.3389/fpsyg.2026.1759683/pdf,unassigned
84893428837,10.1371/journal.pone.0082920,Characterization of information-based learning benefits with submovement dynamics and muscular rhythmicity,verified_title_in_opening_pages,article_or_manuscript,ready_for_fulltext_review,11,41b86fb1ef3259a34fe5af8c3f11314457ef5ca3ec7b72634e55460bdc004c85,9b170f91b3970fc74b2e3b82096d225ee96710f112bf91d857167965d46721f8,https://journals.plos.org/plosone/article/file?id=10.1371/journal.pone.0082920&type=printable,unassigned
85059039235,10.3389/fpsyg.2018.02635,Does disclosure about the common factors affect laypersons' opinions about how cognitive behavioral psychotherapy works?,verified_title_in_opening_pages,article_or_manuscript,ready_for_fulltext_review,11,e24dedede2039591f2cf98354694c508783e0d759bb838b290b45df3dedfdfe9,b906f7ea0ad4f1106df814480fe2041f1ad64543e86370bb0bb86c49b4a923b3,https://www.frontiersin.org/journals/psychology/articles/10.3389/fpsyg.2018.02635/pdf,unassigned
85065913702,10.1371/journal.pone.0215949,Directionality of information flow and echoes without chambers,verified_title_in_opening_pages,article_or_manuscript,ready_for_fulltext_review,22,8005f61e335e738e3256e2024e157249dd1a460e5398c6d1e630d01144d36f90,aa864e1f26a422ce9b5e79957c87c9633bb7b970572f1373858e35b86709bd9e,https://journals.plos.org/plosone/article/file?id=10.1371/journal.pone.0215949&type=printable,unassigned
85076492172,10.1093/poq/nfz042,Thinking Fast and Furious: Emotional Intensity and Opinion Polarization in Online Media,verified_title_in_opening_pages,article_or_manuscript,ready_for_fulltext_review,37,5067a2db280a715996f9b1906f4ee4e0468bd95be650c6a5df696667bef3162d,05d136116086873153eab527753952abd5a3365862c125df8ac05c7a5bc35813,https://ora.ox.ac.uk/objects/uuid%3A93e8772c-7f9d-4325-ad4f-576c33fa5cb3/files/ma6c2779cedb8148039582f5be6cd8dc7,unassigned
85094682072,10.1177/0022002720964952,At War and at Home: The Consequences of US Women Combat Casualties,verified_title_in_opening_pages,article_or_manuscript,ready_for_fulltext_review,32,d02ecf2e0b09a5370c6b8896df0bad0385289d1486fe94212eb7d23a36b4d628,8dab7df065a9cd0711a7042afd036e79252082e5ca22c1104e3910a684324bde,https://connordhuff.com/wp-content/uploads/2020/09/chs_jcr_ca.pdf,unassigned
85098180961,10.1017/s0003055420001057,Family Matters: How Immigrant Histories Can Promote Inclusion,verified_title_in_opening_pages,article_or_manuscript,ready_for_fulltext_review,8,8dad18f71581336d0e662fa5605874db69af813a44ee5d5fac9ce6a0f9ee2373,ee54884a609db0288f238685f869eb36dc6a3364ce52bd517a60186b9ff38340,https://www.cambridge.org/core/services/aop-cambridge-core/content/view/871DB7A02565D65FB0584FE89D7EF35D/S0003055420001057a.pdf/div-class-title-family-matters-how-immigrant-histories-can-promote-inclusion-div.pdf,unassigned
85098689916,10.1186/s41235-020-00267-w,The impact of predictability on dual-task performance and implications for resource-sharing accounts,verified_title_in_opening_pages,article_or_manuscript,ready_for_fulltext_review,22,35702cfb497510d18b92c1c2c82d3dcfa97d559c019c59a4fa31990df7ab64c5,c850ebf2b7dd50e9abcd93edf9daf0f8c75e5943f787ff58f6956300d2770318,https://link.springer.com/content/pdf/10.1186/s41235-020-00267-w.pdf?error=cookies_not_supported&code=f79ca309-627c-420d-9f3e-4dfc809dc3ef,unassigned
85124205644,10.1007/s11109-021-09769-9,Exposure to Extremely Partisan News from the Other Political Side Shows Scarce Boomerang Effects,verified_title_in_opening_pages,article_or_manuscript,ready_for_fulltext_review,40,522024ed2052a2acfe7eaa474b01b23b0d6f3a50ba5e7b69bf72eaf39ae1c5e5,4f5cb966fee1af2b8932c248d38ee56096fe3fbca88c0c4942b0faac22db2c9c,https://link.springer.com/content/pdf/10.1007/s11109-021-09769-9.pdf?error=cookies_not_supported&code=cd1ee8bf-bd0e-43ac-9908-c3368e6b724d,unassigned
85150724440,10.3389/fpsyg.2023.1150210,The Mental Models Training App: Enhancing verbal reasoning through a cognitive training mobile application,verified_doi_and_title_in_opening_pages,article_or_manuscript,ready_for_fulltext_review,14,420392801ba47a7ca7b1fecaa97156ab8a225c81682ae71bd7e42435fe65fbaf,7eddb4b292fffc116617ebbc820a7b236c5fc28ff95207a3b6a288ee7acffeae,https://www.frontiersin.org/journals/psychology/articles/10.3389/fpsyg.2023.1150210/pdf,unassigned
85161022172,10.3389/fpsyg.2023.1152261,Predicting coping with expectation violations: combining the ViolEx Model and the Covariation Principle,verified_doi_and_title_in_opening_pages,article_or_manuscript,ready_for_fulltext_review,10,0029395f7bc6725950f51b6cdb79890e9279c02c9ee171139c119b7b46647a32,9de91696a9720ba598be386fbcb3b8250de8f9b4e2149a7725a00d63b188c2cc,https://www.frontiersin.org/journals/psychology/articles/10.3389/fpsyg.2023.1152261/pdf,unassigned
85181220759,10.3389/fcomm.2023.1284074,How language shapes anti-fat bias: comparing the effects of disease and fat-rights framing,verified_doi_and_title_in_opening_pages,article_or_manuscript,ready_for_fulltext_review,8,192bfc02c4bdf9734c7c7819056c2da57c65bd892d59bcbf937843c255bfb251,26d723fa82c3b6969f30c824181295abfa44bca5531849cbd9b68b5a785cd818,https://www.frontiersin.org/journals/communication/articles/10.3389/fcomm.2023.1284074/pdf,unassigned
85181820584,10.1093/poq/nfad007,“Deservingness” and Public Support for Universal Public Goods: A Survey Experiment,verified_title_in_opening_pages,article_or_manuscript,ready_for_fulltext_review,25,91af6ab08ba158b5dd125ceda3fe38958c12906f6d3da00ea0cef6f1963c7ec7,b67e76f2bbfe8c30103a47de01b963ec9f760c7a699948cad4b36661d52e0f5a,https://discovery.ucl.ac.uk/id/eprint/10187326/1/Deservingness%20and%20Public%20Support%20for%20Universal%20Public%20Goods%20A%20Survey%20Experiment.pdf,unassigned
85183940490,10.1016/j.jpubeco.2024.105070,Self-signaling in voting,verified_title_in_opening_pages,article_or_manuscript,ready_for_fulltext_review,16,77cbedc486083b3332d340f4dbf2b3aee9e1071254d695bd827d2da8b893e77d,09b504132c6b0393f0f708b38405c0a7188801863f440e18231c66bd62b3c5d4,https://sites.pitt.edu/~swwang/papers/HorncowJPubE.pdf,unassigned
85197229092,10.1007/s40519-024-01672-6,Gender stereotypes in eating disorder recognition,verified_title_in_opening_pages,article_or_manuscript,ready_for_fulltext_review,12,f6f6bc23a8709ea5863d8c5ca3038e02764d221f87492940c5012221eb740576,f241fbc696609c00753b8c559d6f09ed212a4c723cf010a5e3da1ffb17be5900,https://link.springer.com/content/pdf/10.1007/s40519-024-01672-6.pdf?error=cookies_not_supported&code=e95ba73b-9d62-463c-958f-9fb76d815fca,unassigned
85197800364,10.1371/journal.pone.0306466,The jingle fallacy in comprehension tests for reading,verified_title_in_opening_pages,article_or_manuscript,ready_for_fulltext_review,22,2436b887a01a5fbc77e12f6812fdd132b0b229a07fc3606f8b20a1e57193c793,867fe4991f4b36d4157a01fa45e35a6514e99c350dfebd552ec947f344038017,https://journals.plos.org/plosone/article/file?id=10.1371/journal.pone.0306466&type=printable,unassigned
85205266377,10.1017/psrm.2024.47,Does interstate conflict affect attitudes towards domestic minorities? Evidence from India,verified_title_in_opening_pages,article_or_manuscript,ready_for_fulltext_review,8,c70024e1f5e569f3224b773c95cd6580eff1986e865872bcc417155c9a4a33e5,c7145a63cedaeb00cf7ca483f76b5f86e916cf5fbc1306b179972f44a7637e86,https://www.cambridge.org/core/services/aop-cambridge-core/content/view/A8CBA53260578546B2E823E4FE8CD028/S2049847024000475a.pdf/div-class-title-does-interstate-conflict-affect-attitudes-towards-domestic-minorities-evidence-from-india-div.pdf,unassigned
85212150786,10.1093/pnasnexus/pgae469,Using survey experiment pretesting to support future pandemic response,verified_title_in_opening_pages,article_or_manuscript,ready_for_fulltext_review,16,bf7028a52200bb0dd276b49c17db6fa4b15785f8218953586c182c8ca4b598fc,f1b83e451e9fa7ab00186402e194518e3df36db09c8d5bfe657fde229c4fe9a3,https://www.benmtappin.com/papers/Tappin_Hewitt_RCTs_pandemics.pdf,unassigned
