scopus_id,doi,year,source_id,journal,title,identity,all_scopus_ids,previous_revised,labels,concepts,exposure,exposure_human,stage,stratum,stratum_N,stratum_n,selection_hash
105025104754,10.1002/aaai.70046,2025,23629,AI Magazine,AI for social science: A sociology PhD candidate's autoethnography on how LLMs are changing research work,doi:10.1002/aaai.70046,105025104754,false,false,true,false,false,development,concepts_beyond_exposure,56812,40,00000385743b8e83b5f4790b9a0e3e684fb89a6ca71c0f833ed34cc8049a3e49
84981287718,10.1093/cercor/bhv174,2016,14855,Cerebral Cortex,Predicting Subjective Affective Salience from Cortical Responses to Invisible Object Stimuli,doi:10.1093/cercor/bhv174,84981287718,false,false,true,false,false,development,concepts_beyond_exposure,56812,40,00003abdcc94e53223a2b3a6782009a5efcdb1fc8d3499778b96650c2a502e81
85053392045,10.18865/ed.28.s2.437,2018,13198,Ethnicity and Disease,Voices from minority youth on help-seeking and barriers to mental health services: Partnering with school-based health centers,doi:10.18865/ed.28.s2.437,85053392045,false,false,true,false,false,development,concepts_beyond_exposure,56812,40,0001608c6679daaafa319ab58eabd6066628ee3ac8221e919013c6a2d1290e8e
105045298597,10.1186/s12888-026-08066-1,2026,14260,BMC Psychiatry,Perinatal mental health and its social determinants: qualitative findings from rural Telangana,doi:10.1186/s12888-026-08066-1,105045298597,false,false,true,false,false,development,concepts_beyond_exposure,56812,40,0002f7d4c166e1f270b6e014fbccc3bf519ac733285f694f68d364a3f4944a48
85108963478,10.1037/xap0000362,2022,15476,Journal of Experimental Psychology Applied,Improving the Interpretation of Verbal Eyewitness Confidence Statements by Distinguishing Perceptions of Certainty From Those of Accuracy,doi:10.1037/xap0000362,85108963478,false,false,true,false,false,development,concepts_beyond_exposure,56812,40,00036c23c3bc4e060d21f2b899eee6ae38bcb417d54cad4bd4e96f64437b48da
105030252190,10.1080/0163853x.2026.2619824,2026,25989,Discourse Processes,Disentangling local versus global processing dispositions in autistic cognition using item response theory models: comparing multimodal comics versus text-based narratives in a randomized study,doi:10.1080/0163853x.2026.2619824,105030252190,false,false,true,false,false,development,concepts_beyond_exposure,56812,40,000446d4959d21c1d8031d3a731e3cfbf5212b1179addec8d05d42bc87eccfa2
105022922243,10.3390/s25226895,2025,130124,Sensors,Multimodal Optimal Base Station Selection Network for Intelligent Communications,doi:10.3390/s25226895,105022922243,false,false,true,false,false,development,concepts_beyond_exposure,56812,40,000478106453dde12f64bbbee8ccbdcfbf05f117c0fa7f899ff213ffbb4c2a89
85096207237,10.3390/ijerph17228416,2020,144989,International Journal of Environmental Research and Public Health,Exploring daily activity patterns on the typical day of older adults for supporting aging-in-place in china’s rural environment,doi:10.3390/ijerph17228416,85096207237,false,false,true,false,false,development,concepts_beyond_exposure,56812,40,0004e5e34d625f9c47293d617e9c31e92b8657c0cef269ba157653bb69a92dcc
79952072848,10.1016/j.neuroimage.2010.12.072,2011,17495,Neuroimage,Error-related medial frontal theta activity predicts cingulate-related structural connectivity,doi:10.1016/j.neuroimage.2010.12.072,79952072848,false,false,true,false,false,development,concepts_beyond_exposure,56812,40,00055fb0443b217eb3ed4bed0b6c2f34f53fd6d52739781f86470e2d4496a0e1
85060790517,10.1093/chemse/bjy080,2019,23377,Chemical Senses,"Necessary conditions for social transmission of food preference through feces in the house mouse, mus musculus domesticus",doi:10.1093/chemse/bjy080,85060790517,false,false,true,false,false,development,concepts_beyond_exposure,56812,40,0005aa782cc0067fea226f7125ed9b5820ffc6d9271e8461f466be52348a6a06
84897936942,10.1016/j.neulet.2014.03.050,2014,18046,Neuroscience Letters,Integration of visual and motor functional streams in the human brain,doi:10.1016/j.neulet.2014.03.050,84897936942,false,false,true,false,false,development,concepts_beyond_exposure,56812,40,00071f915c4d4521c5bb7910423e52bb3c81cef436363e72f79ec47904781d29
84933676125,10.3389/fnhum.2014.00729,2014,19700175164,Frontiers in Human Neuroscience,Processing of acoustic and phonological information of lexical tones in Mandarin Chinese revealed by mismatch negativity,doi:10.3389/fnhum.2014.00729,84933676125,false,false,true,false,false,development,concepts_beyond_exposure,56812,40,00076d4a971c697868342d3438e4eb8dd40786195fef2e9b2f5e47ae4ed1e2b5
85195103726,10.1097/hjh.0000000000003703,2024,23877,Journal of Hypertension,Effectiveness of a two-component nutritional strategy for blood pressure control in individuals with hypertension users of a public health system: A randomized controlled clinical trial,doi:10.1097/hjh.0000000000003703,85195103726,false,false,true,false,false,development,concepts_beyond_exposure,56812,40,000a15bd08aef5896571791fd6feae9f1a2f1f9b739a2fad9e3dda0fb757c44f
79957993277,10.1136/bmjqs.2009.034587,2011,19700201434,BMJ Quality and Safety,The efficacy of computer-enabled discharge communication interventions: A systematic review,doi:10.1136/bmjqs.2009.034587,79957993277,false,false,true,false,false,development,concepts_beyond_exposure,56812,40,000ae78d4ac948686c18a72519a82159af836fd3b60a4a9439484d62a6e055d7
85186449360,10.1111/psj.12529,2024,22786,Policy Studies Journal,Does anxiety increase policy learning?,doi:10.1111/psj.12529,85186449360,false,false,true,false,false,development,concepts_beyond_exposure,56812,40,000b03b790eadb5d95c1715a675962aacb54a55aaf67a57c11e466c6a6334d12
85104027715,,2021,19400157006,Judgment and Decision Making,Selection effects on dishonest behavior,SCOPUS_ID:85104027715,85104027715,false,false,true,false,false,development,concepts_beyond_exposure,56812,40,000b22b857fe84941345e835a69a0d6faa0ec7a4177fc68b6a7cf392fc20e35a
85173365019,10.7189/jogh.13.04113,2023,21100787508,Journal of Global Health,Assessing the governance environment for private sector engagement in health in Africa: Results from a multi-country survey,doi:10.7189/jogh.13.04113,85173365019,false,false,true,false,false,development,concepts_beyond_exposure,56812,40,000c50509d89680587797d75212c9cad4641cc46844a94c843d5f2db64320a71
77954490278,10.1017/s1751731110001023,2010,5300152613,Animal,Sustainability of ruminant agriculture in the new context: Feeding strategies and features of animal adaptability into the necessary holistic approach,doi:10.1017/s1751731110001023,77954490278,false,false,true,false,false,development,concepts_beyond_exposure,56812,40,000d18ffe20e194bc659295d56c7982e6a59552f1b095e369121aa2a3450599d
85120861640,10.1152/jn.00194.2021,2021,23475,Journal of Neurophysiology,Variability of neuronal responses in the posterior superior temporal sulcus predicts choice behavior during social interactions,doi:10.1152/jn.00194.2021,85120861640,false,false,true,false,false,development,concepts_beyond_exposure,56812,40,000f65a0d4ed8cf39c6f9ad66f635fd47f151741fe81f7dbfe16809d279b5c7e
84893924819,10.1016/j.brainres.2013.12.020,2014,14346,Brain Research,Afterimage induced neural activity during emotional face perception,doi:10.1016/j.brainres.2013.12.020,84893924819,false,false,true,false,false,development,concepts_beyond_exposure,56812,40,00108b7a226121c840bb8b95424dc18f619697315f452abdf2cfce6c6435b647
84926612481,10.3389/fpsyg.2015.00306,2015,21100216571,Frontiers in Psychology,What you see is what you get: Webcam placement influences perception and social coordination,doi:10.3389/fpsyg.2015.00306,84926612481,false,false,true,false,false,development,concepts_beyond_exposure,56812,40,00121ae7eb3ef98bdbf30436840a694cc6579e1475651ebc41b37085898d6533
84903882261,10.1287/isre.2014.0521,2014,15574,Information Systems Research,Consumer informedness and firm information strategy,doi:10.1287/isre.2014.0521,84903882261,false,false,true,false,false,development,concepts_beyond_exposure,56812,40,00164489c14cd3fce87609f1cdbf2455aad991d4cd56083d915b2f3f6684d808
105043307181,10.1109/taffc.2026.3707832,2026,19700177034,IEEE Transactions on Affective Computing,Empathetic Response in Audio-Visual Conversations Using Emotion Preference Optimization and MambaCompressor,doi:10.1109/taffc.2026.3707832,105043307181,false,false,true,false,false,development,concepts_beyond_exposure,56812,40,00171d7e18d2f0474aa0a0373b8f0188b6e9021bc893ac9702d54dc1b2e954e3
85112043889,10.1016/j.jclepro.2021.128591,2021,19167,Journal of Cleaner Production,Participate or not: Impact of information intervention on residents’ willingness of sorting municipal solid waste,doi:10.1016/j.jclepro.2021.128591,85112043889,false,false,true,false,false,development,concepts_beyond_exposure,56812,40,00174e635d4db541820657761247cdef6a478c5275a32992152358c259af0a3e
85117151460,10.1523/jneurosci.0583-21.2021,2021,16764,Journal of Neuroscience,Decoding object-based auditory attention from source- reconstructed meg alpha oscillations,doi:10.1523/jneurosci.0583-21.2021,85117151460,false,false,true,false,false,development,concepts_beyond_exposure,56812,40,0017d3e263824d975bd8de906cf0908a1e6dd7954506818f3585b81c4ce9d957
85114368486,10.1371/journal.pone.0256607,2021,10600153309,Plos One,"The hidden side of animal cognition research: Scientists' attitudes toward bias, replicability and scientific practice",doi:10.1371/journal.pone.0256607,85114368486,false,false,true,false,false,development,concepts_beyond_exposure,56812,40,0017e3d73515b03a3765d90bc22cce7e4fc5dec370c7a3d31276639e01f6a7ea
85073552576,10.35940/ijitee.k1034.09811s19,2019,21100889409,International Journal of Innovative Technology and Exploring Engineering,Sentiment research on student feedback to improve experiences in blended learning environments,doi:10.35940/ijitee.k1034.09811s19,85073552576,false,false,true,false,false,development,concepts_beyond_exposure,56812,40,001851481822bfc7ec7b3e766ec4792815a5aa302fa93aa02d7056bf4a501d73
77953524787,10.1093/jac/dkq104,2010,22418,Journal of Antimicrobial Chemotherapy,A survey of public knowledge and awareness related to antibiotic use and resistance in Sweden,doi:10.1093/jac/dkq104,77953524787,false,false,true,false,false,development,concepts_beyond_exposure,56812,40,00186625e80ca107deaf83b6cbc5cdbc8656933a936da1cb88e5f193dcb90ad5
79951966054,10.1523/jneurosci.3684-10.2011,2011,16764,Journal of Neuroscience,Topographic mapping of a hierarchy of temporal receptive windows using a narrated story,doi:10.1523/jneurosci.3684-10.2011,79951966054,false,false,true,false,false,development,concepts_beyond_exposure,56812,40,001a5a7a2f1126f14716d045db986a75b7ee5fbe1f8f172b5d7cd643b5c14e8c
85040455831,10.1038/s41598-017-18449-w,2018,21100200805,Scientific Reports,The critical role of phase difference in theta oscillation between bilateral parietal cortices for visuospatial working memory,doi:10.1038/s41598-017-18449-w,85040455831,false,false,true,false,false,development,concepts_beyond_exposure,56812,40,001afaaa53c819ceeac62aadd920ad82d8f01f54757c77307a230d971384d3cb
84926419355,10.1037/xge0000059,2015,15478,Journal of Experimental Psychology General,Automatic integration of social information in emotion recognition,doi:10.1037/xge0000059,84926419355,false,false,true,false,false,development,concepts_beyond_exposure,56812,40,001c3b68bfe21e72f5262044797b3c1555818ab4af085a88d44c524487bf3a56
85099630772,10.1016/j.jsp.2020.12.005,2021,30074,Journal of School Psychology,Using ranked survey data in education research: Methods and applications,doi:10.1016/j.jsp.2020.12.005,85099630772,false,false,true,false,false,development,concepts_beyond_exposure,56812,40,001c9ab3f738fec21b8ccdcb6855dcca3b4409d3e8aa44cb158d6aa44a2e85bd
84859243908,10.1371/journal.pone.0034314,2012,10600153309,Plos One,A prompt to the web: The media and health information seeking behaviour,doi:10.1371/journal.pone.0034314,84859243908,false,false,true,false,false,development,concepts_beyond_exposure,56812,40,001ca2a2d1cf8563d57aa7e92d0988f8c1d6e7ed6ad59a610f0dd2c62b6ce224
84987988917,10.1016/j.ecolecon.2016.09.001,2017,20290,Ecological Economics,Waiting or acting now? The effect on willingness-to-pay of delivering inherent uncertainty information in choice experiments,doi:10.1016/j.ecolecon.2016.09.001,84987988917,false,false,true,false,false,development,concepts_beyond_exposure,56812,40,001d9ba598047fbd6f2f8ada1afbaa72f63cc87828459c4338352c88533a8944
80053556543,10.1093/cercor/bhr055,2011,14855,Cerebral Cortex,High quality but limited quantity perceptual evidence produces neural accumulation in frontal and parietal cortex,doi:10.1093/cercor/bhr055,80053556543,false,false,true,false,false,development,concepts_beyond_exposure,56812,40,002053eff0ae5d96d419d9b192f4b18b4903569464031680ac4bac33d48691fd
105036004924,10.1016/j.brainres.2026.150330,2026,14346,Brain Research,Linguistic-visual routines and name activation in visual world studies of spoken word recognition,doi:10.1016/j.brainres.2026.150330,105036004924,false,false,true,false,false,development,concepts_beyond_exposure,56812,40,002286ad00a293c24b45a9afae00ed973d9c7083321082fdfbb29fae548c8587
105036799913,10.1126/sciadv.aec2079,2026,21100457028,Science Advances,A tale of two coasts: Unveiling US Gulf and Atlantic coastal cities at high flood risk,doi:10.1126/sciadv.aec2079,105036799913,false,false,true,false,false,development,concepts_beyond_exposure,56812,40,0022f6e4376b02833dcaa4654b57b2c374ff099e9168cac93b5bd64d6f42a5a9
85163864553,10.1016/j.jclepro.2023.137751,2023,19167,Journal of Cleaner Production,Assessing the impact of energy labels on attitude and behavioral intention: An empirical investigation,doi:10.1016/j.jclepro.2023.137751,85163864553,false,false,true,false,false,development,concepts_beyond_exposure,56812,40,00247395c358c5d4d6840084d248d5e7aaf36d1cd8ef0c6d21a50a6d75cd4679
85087692753,10.1007/s10551-020-04568-4,2021,23859,Journal of Business Ethics,Concern for the Transgressor’s Consequences: An Explanation for Why Wrongdoing Remains Unreported,doi:10.1007/s10551-020-04568-4,85087692753,false,false,true,false,false,development,concepts_beyond_exposure,56812,40,0025cc63b87a98f85bcc1e75f52f476e458a677966d6deb1d05dccce1baca000
105024776920,10.1007/s42001-025-00445-0,2026,21101078232,Journal of Computational Social Science,Transforming tweets into opinions: a deep learning approach to analyse and predict election result using social media data,doi:10.1007/s42001-025-00445-0,105024776920,false,false,true,false,false,development,concepts_beyond_exposure,56812,40,00264dfdfe24f7606583acb60ecc4c9d391de39eda6826af91b9b9f54755fadf
85061936808,10.1371/journal.pone.0211336,2019,10600153309,Plos One,Mandarin Chinese modality exclusivity norms,doi:10.1371/journal.pone.0211336,85061936808,false,false,true,true,false,development,exposure_beyond_labels,8404,40,0001686d8d14128ee2bc5c5c21ce0c807c325b1fb9ee8e461f1fe9b2c0a91023
85125954072,10.1037/stl0000314,2022,21101077288,Scholarship of Teaching and Learning in Psychology,Reducing the Negative Effects of Multitasking on Online or Distance Learning by Using Retrieval Practice,doi:10.1037/stl0000314,85125954072,false,false,true,true,true,development,exposure_beyond_labels,8404,40,00152521ceac9bcc7b3c5ddb3292c6421a6f385a585cacfec8305fe574a7263f
84926099268,10.1080/10410236.2013.852460,2015,33982,Health Communication,Message Sensation and Cognition Values: Factors of Competition or Integration?,doi:10.1080/10410236.2013.852460,84926099268,false,false,true,true,false,development,exposure_beyond_labels,8404,40,001a483584ab6819d18107bda4d6de475574755f43ed319734dd157ca03a00df
84868341501,10.1037/a0024992,2012,14075,Emotion,Ameliorating intrusive memories of distressing experiences using computerized reappraisal training,doi:10.1037/a0024992,84868341501,false,false,true,true,true,development,exposure_beyond_labels,8404,40,003cdbf10e77047a0105e66387fa4bb3fe1b55fa1e1671cba139ba8af9802514
85064555264,10.1177/0192512118824459,2020,25833,International Political Science Review,Does talking matter? A quasi-experiment assessing the impact of deliberation and information on opinion change,doi:10.1177/0192512118824459,85064555264,false,false,true,true,true,development,exposure_beyond_labels,8404,40,0048c39258884026842561ca94acf73bbf13b9358b42fa5f2f65e80d8ed2ed19
85189333306,10.1080/08870446.2024.2332265,2025,14012,Psychology and Health,Effects of a self-affirmation intervention on responses to bowel cancer screening information,doi:10.1080/08870446.2024.2332265,85189333306,false,false,true,true,true,development,exposure_beyond_labels,8404,40,005f395d5dad87531a06854cd3dccb084b1ae73dc0f1523334aad09d37ddf15c
85124573903,10.1016/j.jadohealth.2021.12.016,2022,15357,Journal of Adolescent Health,Youth Perspectives on Their Medical Team's Role in Screening for and Addressing Social Determinants of Health,doi:10.1016/j.jadohealth.2021.12.016,85124573903,false,false,true,true,true,development,exposure_beyond_labels,8404,40,0062885a110b000bbefb31290fe9401341fcef8c4b55ab4d96acf57b0297d71a
85077326583,10.1177/0886260519888533,2021,20374,Journal of Interpersonal Violence,Sentencing Domestic Violence Offenders: A Vignette Study of Public Perceptions,doi:10.1177/0886260519888533,85077326583,false,false,true,true,true,development,exposure_beyond_labels,8404,40,006fda967af11a151581eeebceba5d2b7aa9f812ca2e4da2da394e024eef7ef3
79960911516,10.1016/j.neuroscience.2011.05.014,2011,18042,Neuroscience,Neurons responsive to face-view in the primate ventrolateral prefrontal cortex,doi:10.1016/j.neuroscience.2011.05.014,79960911516,false,false,true,true,false,development,exposure_beyond_labels,8404,40,007deaa95c5128c8efbce32f51137e6f288766ad6669fd1c4a45ffb19cfe74ba
105009797218,10.1002/acp.70094,2025,12024,Applied Cognitive Psychology,The Time–Space Frame in Road Signs Affects Pathfinding Driving Performance: Results From Bayesian Networks,doi:10.1002/acp.70094,105009797218,false,false,true,true,true,development,exposure_beyond_labels,8404,40,00809172e33549efdb2f0db016940b314f84ad44575759f12406b8804ffaa647
84947775097,10.1371/journal.pone.0137376,2015,10600153309,Plos One,A clinical trial to introduce voluntary medical male circumcision for HIV prevention in areas of high prevalence in the Dominican Republic,doi:10.1371/journal.pone.0137376,84947775097,false,false,true,true,true,development,exposure_beyond_labels,8404,40,0081b6fd8f6c99443045f9453322108f66549dec994b256b189be5255c6e7202
84921520419,10.1016/j.childyouth.2014.12.013,2015,24482,Children and Youth Services Review,"The role of race, socioeconomic status, and System of Care services in placement decision-making",doi:10.1016/j.childyouth.2014.12.013,84921520419,false,false,true,true,true,development,exposure_beyond_labels,8404,40,00854454e30e4110f02f2887735bc730309f80c3c60474bce903d68690264355
85068531491,10.1093/heapro/day084,2019,21312,Health Promotion International,Individual-level determinants of waterpipe smoking demand in four Eastern-Mediterranean countries,doi:10.1093/heapro/day084,85068531491,false,false,true,true,true,development,exposure_beyond_labels,8404,40,008f5f75e982c7d14a0da0502eaa189ea6a4fda35e7fbca729c7dc9e5a6ffa01
85018508912,10.1177/0306624x16676547,2018,20321,International Journal of Offender Therapy and Comparative Criminology,Why information matters: Examining the consequences of suggesting that pedophilia is immutable,doi:10.1177/0306624x16676547,85018508912,false,false,true,true,true,development,exposure_beyond_labels,8404,40,0095978d2f0c4e3816926e19262616a3018bab0cf294fbbf2f15efaf6d1c76db
84902660546,10.1016/j.cognition.2014.05.013,2014,12857,Cognition,Indicators of causal agency in physical interactions: The role of the prior context,doi:10.1016/j.cognition.2014.05.013,84902660546,false,false,true,true,true,development,exposure_beyond_labels,8404,40,009a018cdef91d63c61a083ec5e0437cff5ce12d5030748495edf59c520d897c
85064806998,10.1080/10410236.2019.1598614,2020,33982,Health Communication,Reducing Health-Related Stigma Through Narrative Messages,doi:10.1080/10410236.2019.1598614,85064806998,false,false,true,true,true,development,exposure_beyond_labels,8404,40,009cda056cbfb5ee1eb1de8c4b09bacecd69b51cd6cf7ba22ed460aa18183479
85048712655,10.1038/s41598-018-27446-6,2018,21100200805,Scientific Reports,Acceptability of placebo multiparticulate formulations in children and adults,doi:10.1038/s41598-018-27446-6,85048712655,false,false,true,true,true,development,exposure_beyond_labels,8404,40,00a08af516f1a7276a10eb77db39d692c1aabdf41a9964c2765ab529965359f3
84927592671,10.1016/j.neuroimage.2015.04.004,2015,17495,Neuroimage,Spatial attention enhances object coding in local and distributed representations of the lateral occipital complex,doi:10.1016/j.neuroimage.2015.04.004,84927592671,false,false,true,true,false,development,exposure_beyond_labels,8404,40,00ae8387bb45617266e81c003cb68aef1ab77d31171562c71fd3485cba467f0e
85087077315,10.1177/1948550620929163,2021,19900193555,Social Psychological and Personality Science,Effects of Cost and Benefit of Prosocial Behavior on Reputation,doi:10.1177/1948550620929163,85087077315,false,false,true,true,true,development,exposure_beyond_labels,8404,40,00b99548397608c3240ea14c2e73047a9d2509288ce2e6e7946798a7bb952b24
85013498052,10.1080/15205436.2016.1274763,2017,5600153585,Mass Communication and Society,The Role of Civility and Anonymity on Perceptions of Online Comments,doi:10.1080/15205436.2016.1274763,85013498052,false,false,true,true,true,development,exposure_beyond_labels,8404,40,00c399abdd24fee8394a9e3b4ad1484abc541cac5a2d78425e23c8040737a5af
77956802275,10.1177/0002764210376313,2010,24733,American Behavioral Scientist,"The journalist behind the news: Credibility of straight, collaborative, opinionated, and blogged ""news""",doi:10.1177/0002764210376313,77956802275,false,false,true,true,false,development,exposure_beyond_labels,8404,40,00c3a97370010cae6b45efa17ef104be673d436dde3342a8fe1c2e0db23f6085
85124871052,10.3390/bs12020047,2022,21100901748,Behavioral Sciences,“The Best Laid Plans”: Do Individual Differences in Planfulness Moderate Effects of Implementation Intention Interventions?,doi:10.3390/bs12020047,85124871052,false,false,true,true,false,development,exposure_beyond_labels,8404,40,00c938b8a6b8c38497e9eb6a7fae1bd116818600c2d7899834ac360c40f8e9f7
85193593283,10.1136/bmjopen-2023-081563,2024,19800188003,BMJ Open,Process evaluation of a Structured E-parenting Support (STEPS) in the OPTIMA randomised controlled trial: A protocol,doi:10.1136/bmjopen-2023-081563,85193593283,false,false,true,true,true,development,exposure_beyond_labels,8404,40,00d38d6c41a0ec441a6cf5402aa67fb077684f05b98c4f5851d09004cfc2e2aa
85049307208,10.1016/j.chb.2018.05.043,2018,19419,Computers in Human Behavior,Value-based information privacy objectives for Internet Commerce,doi:10.1016/j.chb.2018.05.043,85049307208,false,false,true,true,true,development,exposure_beyond_labels,8404,40,00d5dd37a72ca7eddcd8aa3961505e98e59d6cd51ec1d397221d0127418f05e5
85077842525,10.1186/s40814-019-0549-8,2020,21100859994,Pilot and Feasibility Studies,Prostate cancer survivors' preferences on the delivery of diet and lifestyle advice: A pilot best-worst discrete choice experiment,doi:10.1186/s40814-019-0549-8,85077842525,false,false,true,true,false,development,exposure_beyond_labels,8404,40,00e7119c1f83a9da6c39698304c81b3e1f2fb5b56ed7b3b9716bda58cc62710e
105037666144,10.1186/s12889-026-27058-0,2026,19621,BMC Public Health,Māori perspectives on a potential low dose CT lung cancer screening programme in Aotearoa New Zealand: results of a mixed-method cross-sectional survey,doi:10.1186/s12889-026-27058-0,105037666144,false,false,true,true,true,development,exposure_beyond_labels,8404,40,0101cc948c814cc8a31bb480f37f9b842bb4b0d4a7a9a7d27baa8db6201b1663
85068985185,10.1177/1073110519876176,2019,16244,Journal of Law Medicine and Ethics,Patients' Knowledge of Key Messaging in Drug Safety Communications for Zolpidem and Eszopiclone: A National Survey,doi:10.1177/1073110519876176,85068985185,false,false,true,true,true,development,exposure_beyond_labels,8404,40,0102dd829e08f3c5772dcca8e4e74e55b4fa2c4d6d0900ad03e7a08ca6694c89
85047589020,,2016,15272,Spanish Journal of Psychology,The Language of Fairness: how Cross-Linguistic Norms in Spanish and English Influence Reactions to Unfair Treatment,SCOPUS_ID:85047589020,85047589020,false,false,true,true,true,development,exposure_beyond_labels,8404,40,01173364f5fb7ce5621e129dc19bbddbc6a910cf11be059877f0176cb0a9cb44
84907701762,10.1016/j.cognition.2014.07.007,2014,12857,Cognition,Spatial distance effects on incremental semantic interpretation of abstract sentences: Evidence from eye tracking,doi:10.1016/j.cognition.2014.07.007,84907701762,false,false,true,true,true,development,exposure_beyond_labels,8404,40,0118056def22e424c88419cd28f61b2eab91813f98a4d85742bb86a0bbfc6ad0
85107182992,10.1371/journal.pone.0252618,2021,10600153309,Plos One,Late adolescents' own and assumed parental preferences towards health-care related confidentiality and consent in Belgium,doi:10.1371/journal.pone.0252618,85107182992,false,false,true,true,true,development,exposure_beyond_labels,8404,40,012a4e05564785cbc890ac8a7fbf298c852340c2b61dde57c7925a9224fbc2c9
85197752446,10.1111/jpc.16605,2024,15108,Journal of Paediatrics and Child Health,Informing knowledge translation for selective dorsal rhizotomy: A survey of Australian clinicians and people with lived experience of cerebral palsy,doi:10.1111/jpc.16605,85197752446,false,false,true,true,true,development,exposure_beyond_labels,8404,40,012fafa7b31562b4a2c4385249e1d14a6a612310add1e8e0e6711a8c5bb937f4
105036738653,10.1002/ejp.70281,2026,13222,European Journal of Pain,Learning to Unveil: Tackling Implicit Bias in Pain Recognition Through Education,doi:10.1002/ejp.70281,105036738653,false,false,true,true,false,development,exposure_beyond_labels,8404,40,0131d291c7228675a4b07f371e9a9c7267d39befcd5b633e28a929ea14100412
85046456565,10.1080/17457289.2018.1465061,2019,5700165635,Journal of Elections Public Opinion and Parties,The roles of information deficits and identity threat in the prevalence of misperceptions,doi:10.1080/17457289.2018.1465061,85046456565,false,false,true,true,false,development,exposure_beyond_labels,8404,40,0140529ad6ebe7a892b64dcfcb7af6ba6ad3c4ff01028a8d6d67454463a0d119
85104047093,10.1093/abm/kaaa058,2021,27473,Annals of Behavioral Medicine,Care Starts at Home: Emotional State and Appeals to Altruism may Reduce Demand for Overused Health Services in the UK,doi:10.1093/abm/kaaa058,85104047093,false,false,true,true,true,development,exposure_beyond_labels,8404,40,0142a1ab4af545eb37a198c20d801b61174603c5c67d7e56be9d79e0b3d280aa
105027340475,10.1109/tmm.2026.3651098,2026,16211,IEEE Transactions on Multimedia,Generalized Trusted Multi-View Classification Framework With Hierarchical Opinion Aggregation,doi:10.1109/tmm.2026.3651098,105027340475,false,false,true,true,false,development,exposure_beyond_labels,8404,40,0156e5f90a228e9bee4962166000580558c2d59fb27a69df516eea78e282c2d3
84899712328,10.1371/journal.pone.0090808,2014,10600153309,Plos One,Accuracy and confidence of visual short-term memory do not go hand-in-hand: Behavioral and neural dissociations,doi:10.1371/journal.pone.0090808,84899712328,false,false,true,true,true,development,exposure_beyond_labels,8404,40,015a4b520e48916e42e32bfa335106921269374e30e06e66ef7584c4a797b631
85096702623,10.1111/risa.13636,2021,26372,Risk Analysis,"Storms, Fires, and Bombs: Analyzing the Impact of Warning Message and Receiver Characteristics on Risk Perception in Different Hazards",doi:10.1111/risa.13636,85096702623,false,false,true,true,true,development,exposure_beyond_labels,8404,40,0161f0b9f917d5da512a2d279c4562e3fb17f662f9be5f972fee1768e7b16e5f
85200055351,10.3389/fmed.2024.1391907,2024,21100868809,Frontiers in Medicine,Nursing students’ work readiness and its influencing factors before participating in a nurse residency program: a multicenter cross-sectional study,doi:10.3389/fmed.2024.1391907,85200055351,false,false,true,true,true,development,exposure_beyond_labels,8404,40,0168ff5c8e2d9a68cf6f01b7dbd883f3a837d8b04958a98e9f45c4743a2f951e
85057977277,10.1371/journal.pone.0207653,2018,10600153309,Plos One,Cluster randomised trial on the effectiveness of a computerised prompt to refer (back) patients with type 2 diabetes,doi:10.1371/journal.pone.0207653,85057977277,false,false,true,true,false,development,exposure_beyond_labels,8404,40,016c52cfce764cc5fc8adc0e14704ae6faab3c0e3de9da564dc69cfe310cd7d0
84997693692,10.1080/10410236.2016.1242040,2018,33982,Health Communication,Justificatory Information Forefending in Digital Age: Self-Sealing Informational Conviction of Risky Health Behavior,doi:10.1080/10410236.2016.1242040,84997693692,false,false,true,true,true,development,exposure_beyond_labels,8404,40,0171cfdfbf2838339c6d3ddf492f8d0b5a083379ff912f73bb8ea5f52c91f429
85144775920,,2022,21100202907,International Journal of Communication,A Trade War With or Without Trump: Actual Topical Knowledge as a Moderator of Question Wording Effect on Survey Responses,SCOPUS_ID:85144775920,85144775920,true,true,false,false,false,development,named_design,6455,40,0006374bd37e41467af3e692eb9f818be44555c56957690324d8da8b49e1abcd
84976308264,10.1080/15205436.2016.1185128,2016,5600153585,Mass Communication and Society,How Ordinary MPs Can Make it Into the News: A Factorial Survey Experiment with Political Journalists to Explain the Newsworthiness of MPs,doi:10.1080/15205436.2016.1185128,84976308264,true,true,false,false,false,development,named_design,6455,40,002036b678a843bd88eace300bf42f3f7a86c49a56283ff6f4257b184e64902b
85033213465,10.1080/07421222.2017.1373012,2017,15700,Journal of Management Information Systems,Using IT Design to Prevent Cyberbullying,doi:10.1080/07421222.2017.1373012,85033213465,true,true,true,false,false,development,named_design,6455,40,0024634b7079a5393f1dad1d5f4fa7920f6f584550d570e8307bd85f60092a46
85048552466,10.1017/xps.2018.3,2018,21100835891,Journal of Experimental Political Science,Bridging the partisan divide on immigration policy attitudes through a bipartisan issue area: The case of human trafficking,doi:10.1017/xps.2018.3,85048552466,true,true,false,false,false,development,named_design,6455,40,002996240ebe66a697253542d08e2720a0e0cacf0ab6b2221faba252cf2477a3
85179704579,10.1177/00104140231209959,2024,13447,Comparative Political Studies,Does Election Fraud Erode Support for Autocrats?,doi:10.1177/00104140231209959,85179704579,true,true,true,true,true,development,named_design,6455,40,003d053ce27450895df7c5c366dad213015385418763670fe1719fb868121010
85104970527,10.1007/s11109-021-09707-9,2021,22832,Political Behavior,"Dangerous Disconnect: Voter Backlash, Elite Misperception, and the Costs of Violence as an Electoral Tactic",doi:10.1007/s11109-021-09707-9,85104970527,true,true,false,false,false,development,named_design,6455,40,004bc1dd3c59c4a7a2f2be3a9a020996582144389627bac31c1e26f6eb006624
85103895516,10.1007/s12116-021-09324-x,2021,26587,Studies in Comparative International Development,The Most Vulnerable Poor: Clientelism Among Slum Dwellers,doi:10.1007/s12116-021-09324-x,85103895516,true,true,false,false,false,development,named_design,6455,40,0063feea51c3378dd2fc17ec50ec658147ad2c2a6c58cf7ddb4e21ba4fe42278
85108850334,10.1016/j.jenvp.2021.101640,2021,15470,Journal of Environmental Psychology,Anger consensus messaging can enhance expectations for collective action and support for climate mitigation,doi:10.1016/j.jenvp.2021.101640,85108850334,true,true,true,true,true,development,named_design,6455,40,007405cc341165210765830754fac3d5c7241ad9ef1778f5f46b098af2d83361
85119330117,10.1016/j.electstud.2021.102422,2022,16114,Electoral Studies,"Ideological proximity, issue importance, and vote choice",doi:10.1016/j.electstud.2021.102422,85119330117,true,true,false,false,false,development,named_design,6455,40,0079e676d48ba40c63ecd01b3893c0c87b5a80b657fa3fe64c6eb2da61ada104
84978064542,10.1007/s12110-016-9263-x,2016,27067,Human Nature,"Disgust, Gender, and Social Change: Testing Alternative Explanations for the Decline of Cousin Marriage in Karo Society",doi:10.1007/s12110-016-9263-x,84978064542,true,true,true,false,false,development,named_design,6455,40,00832b0179c8a4e5302e53bc1b0a72b65b2a31d1c0461cad0ea89d6e6d694751
85134405023,10.1177/0095327x221107700,2024,16562,Armed Forces and Society,The Limit of American Public Support for Military Intervention,doi:10.1177/0095327x221107700,85134405023,true,true,false,false,false,development,named_design,6455,40,009254f3cb3a1cb46f88162fd9e3527389e7968a18ba873fd2d218db6e6cedf9
85103989954,10.1016/j.vaccine.2021.03.080,2021,21376,Vaccine,When politics collides with public health: COVID-19 vaccine country of origin and vaccination acceptance in Brazil,doi:10.1016/j.vaccine.2021.03.080,85103989954,true,true,false,false,false,development,named_design,6455,40,009723446502aebcfd3a25df64546b07be07b994985e56346559314a506a6ac4
85189950436,10.3389/fcomm.2024.1360277,2024,21101061926,Frontiers in Communication,The UK public’s trust in tobacco industry involvement in science – an experimental survey,doi:10.3389/fcomm.2024.1360277,85189950436,true,true,false,false,false,development,named_design,6455,40,00ddac4d193ddaefb7b54148e7145f214a6116e6639b3604b909f7d8643fb493
84938924252,10.1177/1065912915591217,2015,22867,Political Research Quarterly,"Public Opinion, Policy Tools, and the Status Quo: Evidence from a Survey Experiment",doi:10.1177/1065912915591217,84938924252,true,true,false,false,false,development,named_design,6455,40,00de59fe7305eeb2b51df7cc7608cdbbf1d82b7113b3d45520f469ddffd6970a
85123969658,10.1093/ntr/ntab167,2022,17058,Nicotine and Tobacco Research,Absolute and Relative Smokeless Tobacco Product Risk Perceptions: Developing and Validating New Measures that are Up-to-Snuff,doi:10.1093/ntr/ntab167,85123969658,true,true,false,false,false,development,named_design,6455,40,00df81f51c8b9e2ff7d3c5bb01cf24dee2c3a1c49823b59ba0059ee6d2a40948
84870656540,10.1074/mcp.o112.019802,2012,14151,Molecular and Cellular Proteomics,Targeted proteomic quantification on quadrupole-orbitrap mass spectrometer,doi:10.1074/mcp.o112.019802,84870656540,true,true,false,false,false,development,named_design,6455,40,00f8d87af2eeadcaef4d522115524c902f3a7dd325648151c1dbcdab460d6fe4
105012748003,10.1177/13540661251353107,2026,24592,European Journal of International Relations,Public support for arms control in the third nuclear age: cross-national survey and elite cues experiment in NATO countries,doi:10.1177/13540661251353107,105012748003,true,true,false,false,false,development,named_design,6455,40,0100c0f078bad2fbfb7010d252bc84477bf0fbca1fbee98f9af03e7850c6e5e0
105021472886,10.1016/j.ssmph.2025.101878,2025,21100443787,Ssm Population Health,"Subjective, intersubjective, and objective social statuses: How do people imagine social inequality?",doi:10.1016/j.ssmph.2025.101878,105021472886,true,true,false,false,false,development,named_design,6455,40,010dde19a596b4c1887b40af8cf47c061cb288e90bf2741788986754fb235543
105020868821,10.1111/psj.70086,2026,22786,Policy Studies Journal,AI for Persuasion? How Policy Endorsement From Large Language Models Increases Citizens' Compliance Willingness in China,doi:10.1111/psj.70086,105020868821,true,true,false,false,false,development,named_design,6455,40,0110044196bde68ed63ab4ac9a235954fb8861fc7db8014bf05d4a1a4db4ba13
85148413392,10.1080/1554477x.2023.2155773,2023,4400151519,Journal of Women Politics and Policy,Understanding Electability: The Effects of Implicit and Explicit Sexism on Candidate Perceptions,doi:10.1080/1554477x.2023.2155773,85148413392,true,true,false,false,false,development,named_design,6455,40,0114ac857f2e687614c21d39a2c635a8543711f6f3b648d955a45fc984792cef
85175473443,10.1017/s0007123422000746,2023,16232,British Journal of Political Science,How do Voters Form Perceptions of Party Positions?,doi:10.1017/s0007123422000746,85175473443,true,true,false,false,false,development,named_design,6455,40,0114ea879d89ed1a7905ed8463b7be211dd57c51825939fd17b412d26f953a21
85164736052,10.1111/ssqu.13305,2023,26439,Social Science Quarterly,How low can we go: Court approval effects on public opinion,doi:10.1111/ssqu.13305,85164736052,true,true,true,true,true,development,named_design,6455,40,011b7d575bfea7ca0d5d6f86abe81d06d515515f13f2c359ffba6a5f86eb6351
85108226281,10.1080/01402382.2021.1933310,2021,25691,West European Politics,A cure worse than the disease? Exploring the health-economy trade-off during COVID-19,doi:10.1080/01402382.2021.1933310,85108226281,true,true,true,false,false,development,named_design,6455,40,011d5bfdcd767ae8fc698345d17e00023c37cf6c97108bb4fddad305eb9da359
85138243255,10.1007/s10479-022-04933-8,2023,23090,Annals of Operations Research,Two new feature selection methods based on learn-heuristic techniques for breast cancer prediction: a comprehensive analysis,doi:10.1007/s10479-022-04933-8,85138243255,false,true,false,false,false,development,named_design,6455,40,01301835c1650a5be4ac6ab48fc966122a38be5ab9a9d325cc377e40f87d1093
105044856142,10.1080/14719037.2026.2685779,2026,4700152305,Public Management Review,Performance system design factors that encourage information use: a survey experiment of decision-making by school principals,doi:10.1080/14719037.2026.2685779,105044856142,true,true,true,false,false,development,named_design,6455,40,0142b6da8ee1dd2a9399ffcc865bbb445aa5ad50c8fff75c1ef9af2e0d5dd325
85057578602,10.1073/pnas.1808083115,2018,21121,Proceedings of the National Academy of Sciences of the United States of America,Generalizability of heterogeneous treatment effect estimates across samples,doi:10.1073/pnas.1808083115,85057578602,true,true,false,false,false,development,named_design,6455,40,014357ee2ea3be64f559886e99d646284c271e7667cc3016543315257a7ea897
85213811817,10.1080/07421222.2024.2415774,2024,15700,Journal of Management Information Systems,Strategizing Responses to Data Breaches: A Multi-Method Study of Organizational Responsibility and Effective Communication with Stakeholders,doi:10.1080/07421222.2024.2415774,85213811817,true,true,false,false,false,development,named_design,6455,40,0147db32e386ebbe8a7942b5234dc54395936a72a0d264713981786b0ac84fca
85161342521,10.1017/bpp.2023.18,2023,21101095132,Behavioural Public Policy,Nudges can be both autonomy-preserving and effective: Evidence from a survey and quasi-field experiment,doi:10.1017/bpp.2023.18,85161342521,true,true,false,false,false,development,named_design,6455,40,014deaefd6da605aab42bfa720527b74e6e778b39e6ec73d4798c09fe53410c1
105013601811,10.1017/psrm.2025.10040,2025,21100870919,Political Science Research and Methods,The effects of forced versus selective exposure to propaganda in China,doi:10.1017/psrm.2025.10040,105013601811,true,true,true,true,true,development,named_design,6455,40,01536fb63d798358ffb6babaf470210c37e87c783c65d6db33dd819b96cb2ac2
85041625323,10.1177/1369148117745860,2018,130158,British Journal of Politics and International Relations,"Congress, public opinion, and an informal constraint on the commander-in-chief",doi:10.1177/1369148117745860,85041625323,true,true,false,false,false,development,named_design,6455,40,01695fdb3ad00aa62d77d6063d037b74b11b744ca04d07466f09191f382b8f70
105042563757,10.1080/15309576.2026.2687574,2026,5800169457,Public Performance and Management Review,Searching near and far? Search distance and performance below historical and social aspirations,doi:10.1080/15309576.2026.2687574,105042563757,true,true,true,false,false,development,named_design,6455,40,0173b29614c1441408798e59ebaadf17585320552228610d6b705260aede9d11
85087008586,10.1177/2332649219835851,2020,21101097039,Sociology of Race and Ethnicity,"“A Little More Ghetto, a Little Less Cultured”: Are There Racial Stereotypes about Interracial Daters in the United States?",doi:10.1177/2332649219835851,85087008586,true,true,false,false,false,development,named_design,6455,40,017755d28418dc74d2ff80575ae7850f9830493cf1c71d0cd79f428597d95cbf
85105715534,10.1177/10659129211007211,2022,22867,Political Research Quarterly,President Obama and the Emergence of Islamophobia in Mass Partisan Preferences,doi:10.1177/10659129211007211,85105715534,true,true,false,false,false,development,named_design,6455,40,01785ab1274259fe8039c9b8610e6634dba5927ba30e4a9496a15a9ac056e61f
85199791558,10.1177/00420980241256905,2024,29684,Urban Studies,Preference for internet at home in a disadvantaged neighbourhood,doi:10.1177/00420980241256905,85199791558,true,true,false,false,false,development,named_design,6455,40,017c5f68073d4db056d70067a473f245624f78839aae49d3a1b72a2d5a44cb81
105001566449,10.1177/00938548241297690,2025,19664,Criminal Justice and Behavior,Decreased Bi-Partisan Support for Pretrial Detention in Less Serious Cases: Evidence From an Experimental Survey,doi:10.1177/00938548241297690,105001566449,true,true,false,false,false,development,named_design,6455,40,017c69ddff95716d41af213cd03832d53745490cb181611304f0d4b56abc0d6c
85175847141,10.1007/s11162-023-09760-9,2024,20731,Research in Higher Education,Celebrating Differences: A Conjoint Analysis of Senior Year Mechanical Engineering Students’ Occupational Preferences,doi:10.1007/s11162-023-09760-9,85175847141,true,true,false,false,false,development,named_design,6455,40,01807a59b93636b191a9e478271cfd80c30711f77c106df06c541c0eec1432c8
85118850674,10.1016/j.jebo.2021.10.025,2021,23865,Journal of Economic Behavior and Organization,"Gift-exchange in society and the social integration of refugees–Evidence from a survey, a laboratory, and a field experiment",doi:10.1016/j.jebo.2021.10.025,85118850674,true,true,true,false,false,development,named_design,6455,40,0183952210a061c58d0818bd30d3c6c926b5ee3553b99bdc85cc5bf946a90efc
85186916282,10.1111/ajps.12846,2025,15555,American Journal of Political Science,Whose critique matters? The effects of critic identity and audience on public opinion,doi:10.1111/ajps.12846,85186916282,true,true,true,false,false,development,named_design,6455,40,018506e93933dc6c934adb56287cb46add4e7d3324af1a2a3b7143ba2696572b
85106745004,10.1177/10659129211016061,2022,22867,Political Research Quarterly,Deservingness Heuristics and Policy Attitudes toward the Elderly in an Aging Society: Evidence from Japan,doi:10.1177/10659129211016061,85106745004,true,true,false,false,false,development,named_design,6455,40,019703d15d2244859f0e9774d6c92edcf9eebccced91114533c308517e48a881
84973124416,10.1002/per.2057,2016,14105,European Journal of Personality,Principle of Care and Giving to Help People in Need,doi:10.1002/per.2057,84973124416,true,true,false,false,false,development,named_design,6455,40,019fcd075b4958338821c5c37d9c828f47861696e2c4bd19850d24870ac32b55
85173992920,10.1007/s12144-023-05286-6,2024,13479,Current Psychology,The effect of AI-induced outcome favorability on vigilance performance—an exploration based on attention capacity theory,doi:10.1007/s12144-023-05286-6,85173992920,true,false,false,false,false,development,previous_only,234,40,016efaf677b2cb66b72399e86a086273f4906becd0bf08d914bbdf0879bc6f88
105004829427,10.1038/s44184-023-00028-9,2023,21101294447,Npj Mental Health Research,The influence of prior awareness on views about psychiatric electroceutical interventions among non-clinician stakeholders,doi:10.1038/s44184-023-00028-9,105004829427,true,false,false,false,false,development,previous_only,234,40,0250d8a59c192a77e33fc06390eef1fd12ce6ead0b427024610d5c6dc23b1b58
105024704854,10.1177/21582440251403916,2025,21100255401,Sage Open,Engaging With You Because I am Amused by You: A Multi-Method Approach Exploring the Effect of Frontline Employee Humor on Customer Service Engagement,doi:10.1177/21582440251403916,105024704854,true,false,false,false,false,development,previous_only,234,40,043d0fc05f54480c9229bf1126bfbc7a0fea8d724402ddc72bb0ddea0da3804a
105009333190,10.1016/j.jbusres.2025.115551,2025,20550,Journal of Business Research,Be mindful in organizational change: team mindfulness and employee openness to change,doi:10.1016/j.jbusres.2025.115551,105009333190,true,false,false,false,false,development,previous_only,234,40,054b7238a2ccbfe38693f631b364340f80e37d55001b5e5aaed00d30aec23e5c
85030680668,10.1007/s11292-017-9306-2,2018,130146,Journal of Experimental Criminology,Reluctant to embrace innocence: an experimental test of persevering culpability judgments on people’s willingness to support reintegration services for exonerees,doi:10.1007/s11292-017-9306-2,85030680668,true,false,false,false,false,development,previous_only,234,40,0724cace53152290237d121b115335a80bd09b8af1d3cfac46b07fcc9de3d540
85044964865,10.1016/j.psychres.2018.03.039,2018,18729,Psychiatry Research,Suicide literacy predicts the provision of more appropriate support to people experiencing psychological distress,doi:10.1016/j.psychres.2018.03.039,85044964865,true,false,false,false,false,development,previous_only,234,40,077593e5bd285fb3125ed88e9b265427f4a953fbc065f769e57ef0172facd219
85062297171,10.1016/j.jaac.2018.07.908,2019,17643,Journal of the American Academy of Child and Adolescent Psychiatry,Trajectories of Symptom Change in the Treatment for Adolescents With Depression Study,doi:10.1016/j.jaac.2018.07.908,85062297171,true,false,false,false,false,development,previous_only,234,40,09456dc3eedcfb07bf9203ef510d19163f8d4d086541d01edfacfb5149a246aa
85126256655,10.1057/s41599-022-01074-y,2022,21101018925,Humanities and Social Sciences Communications,Vaccine hesitancy and monetary incentives,doi:10.1057/s41599-022-01074-y,85126256655,true,false,false,false,false,development,previous_only,234,40,0dc853e4bc97ef071e041aee81b9f8333701ebadc87ff1a47ca248f80de696ab
85033559380,10.1016/j.jvb.2017.10.006,2018,12006,Journal of Vocational Behavior,Career adaptability and plateaus: The moderating effects of tenure and job self-efficacy,doi:10.1016/j.jvb.2017.10.006,85033559380,true,false,false,false,false,development,previous_only,234,40,0e212aa40ef148729e2f013a5777a8ae1d947becc97dfc3bff5b11d97a50c00d
85060336598,10.2196/mhealth.9981,2018,21100893578,Jmir Mhealth and Uhealth,Mhealth supportive care intervention for parents of children with acute lymphoblastic leukemia: Quasi-experimental pre- and postdesign study,doi:10.2196/mhealth.9981,85060336598,true,false,false,false,false,development,previous_only,234,40,0ecf9e376d734c3fa07a2d42702543fc6e842e2223e324f3380d4c21c3ca41ba
84956844791,10.1002/ajmg.a.37460,2016,145157,American Journal of Medical Genetics Part A,Non-invasive prenatal screening for trisomy 21: Consumers' perspectives,doi:10.1002/ajmg.a.37460,84956844791,true,false,false,false,false,development,previous_only,234,40,11287288de7f532ba53038d2e78c8fd2b79bb0f779f6fc85a3982030af41553b
85098636700,10.3389/fpsyg.2020.548619,2020,21100216571,Frontiers in Psychology,“Textual Prosody” Can Change Impressions of Reading in People With Normal Hearing and Hearing Loss,doi:10.3389/fpsyg.2020.548619,85098636700,true,false,false,false,false,development,previous_only,234,40,14a43c83e5819b61589f51e803d0b36b1bc7836a03ce31c13b251bc8ee97ff27
85211077880,10.1037/apl0001250,2024,15388,Journal of Applied Psychology,Self-Promotion in Entrepreneurship: A Driver for Proactive Adaptation,doi:10.1037/apl0001250,85211077880,true,false,false,false,false,development,previous_only,234,40,15629a68d2ee0c510b1f7b0671a84336bf2888f8eb01e27075f05851d3a99646
85106252599,10.1108/ejm-05-2019-0421,2021,22199,European Journal of Marketing,Webcare as a signal: exhaustive-selective webcare strategy and brand evaluation,doi:10.1108/ejm-05-2019-0421,85106252599,true,false,false,false,false,development,previous_only,234,40,16c57247c3e9de631987c3d27b80f577939d6710934178227a33a18b24ecf6b6
85062364613,10.1080/15456870.2019.1574794,2019,19700187617,Atlantic Journal of Communication,Listicles and the modern news article: comparing the perceived credibility of listicles and traditional articles among millennial media consumers,doi:10.1080/15456870.2019.1574794,85062364613,true,false,false,false,false,development,previous_only,234,40,16e9d0f580b445cd53bde1793bbc584b7cdc6a42f365f979e1bd2830115df1ec
85183168596,10.1108/intr-06-2023-0469,2024,17493,Internet Research,Effect of consistency of the review set on causal attribution: the moderating roles of repeating purchase cues and product knowledge,doi:10.1108/intr-06-2023-0469,85183168596,true,false,false,false,false,development,previous_only,234,40,1758d65b1888f68bdbfcc74f790394261c31a2fc635d89a834b420651e030b4a
85172153416,10.1007/s10551-023-05528-4,2024,23859,Journal of Business Ethics,Holding Abusive Managers in Contempt: Why and When Experienced Abusive Supervision Motivates Enacted Interpersonal Justice Toward Subordinates,doi:10.1007/s10551-023-05528-4,85172153416,true,false,false,false,false,development,previous_only,234,40,180ac1c8879743f4f8075987689c69dffd8b6a6b3175ce4d625fe30cfec3b944
84859227431,10.1177/1948550611420886,2012,19900193555,Social Psychological and Personality Science,Attachment anxiety uniquely predicts regret proneness in close relationship contexts,doi:10.1177/1948550611420886,84859227431,true,false,false,false,false,development,previous_only,234,40,189ff1cb2a8adf1cd9a629c0bf43f2a54455bc6633cf4dffc23a67fac8b7153a
85019412225,10.1080/1533015x.2017.1305920,2017,6500153246,Applied Environmental Education and Communication,Responding to misinformation about climate change,doi:10.1080/1533015x.2017.1305920,85019412225,true,false,false,false,false,development,previous_only,234,40,1941b72ea40a8eac865820cb25b259e80673d4e0f3a00f3e4a835cb4c184eb70
84887325184,10.1521/soco.2013.31.5.578,2013,14823,Social Cognition,Reading narrative fiction reduces arab-muslim prejudice and offers a safe haven from intergroup anxiety,doi:10.1521/soco.2013.31.5.578,84887325184,true,false,false,false,false,development,previous_only,234,40,19726e9e803ec4f980d57c3ec47d72b6043dbca261b2ad25c46e7f4c7cea0633
85054560559,10.1016/j.jbusres.2018.10.007,2019,20550,Journal of Business Research,Contract design capability as a trust enabler in the pre-formation phase of interfirm relationships,doi:10.1016/j.jbusres.2018.10.007,85054560559,true,false,false,false,false,development,previous_only,234,40,1a36fb52292ab46bd75784a9fd507cf11171463ae854d1953b5a6a5a0ed730c0
84984907254,10.1080/01639625.2016.1197656,2017,14293,Deviant Behavior,Stages of Sexual Grooming: Recognizing Potentially Predatory Behaviors of Child Molesters,doi:10.1080/01639625.2016.1197656,84984907254,true,false,false,false,false,development,previous_only,234,40,1d946f8ed5d600b7d039b9d97b41035a155dbcb6eeb8a8d4db9837d324af13ba
85133970957,10.1111/ecin.13111,2023,20002,Economic Inquiry,Informing employees in small and medium-sized firms about training: Results of a randomized field experiment,doi:10.1111/ecin.13111,85133970957,true,false,false,false,false,development,previous_only,234,40,1dc5a6b9592620045479835b59c998dff2b7e8931e0d268f455a5c1b4a920523
105040087268,10.1371/journal.pclm.0000905,2026,21101268324,Plos Climate,Do low-income groups respond more positively to “climate justice” than to other terms from the public discourse about climate change and sustainability? Evidence from a survey-based wording experiment with a representative Los Angeles County sample,doi:10.1371/journal.pclm.0000905,105040087268,true,false,false,false,false,development,previous_only,234,40,1f867a24fab88840d05a4f110aa00fc4c6fa04941163f11767c42b7141fb34d6
85059932376,10.1002/job.2345,2019,30020,Journal of Organizational Behavior,Source attribution matters: Mediation and moderation effects in the relationship between work-to-family conflict and job satisfaction,doi:10.1002/job.2345,85059932376,true,false,false,false,false,development,previous_only,234,40,212fc8613ed338b59547fbd229d306db700acc77400cce96454ac366f4bc4980
85211934873,10.1007/s10551-024-05895-6,2025,23859,Journal of Business Ethics,Serving as an Ethical Signal: Understanding How and When Socially Responsible Human Resource Management Inhibits Time Theft,doi:10.1007/s10551-024-05895-6,85211934873,true,false,false,false,false,development,previous_only,234,40,22d2fc5e232048c4bf25f431b25ff9813da816a1f41c56d60ee91cc9192e2572
84994219824,10.1016/j.gloenvcha.2016.10.003,2016,36483,Global Environmental Change,Climate visuals: A mixed methods investigation of public perceptions of climate images in three countries,doi:10.1016/j.gloenvcha.2016.10.003,84994219824,true,false,false,false,false,development,previous_only,234,40,244daee46bbed6769ad2126c34a8eaddfd6f2daacef8df870c1ca3721953ac24
84953713862,10.1080/13669877.2015.1118149,2016,23434,Journal of Risk Research,Transparency in the food aisle: the influence of procedural justice on views about labeling GM foods,doi:10.1080/13669877.2015.1118149,84953713862,true,false,false,false,false,development,previous_only,234,40,253740b001294b68f9407aff883bfcbcaaf17a8a0415cec134580087161e1c67
84931053023,10.1080/09589236.2015.1049246,2016,23704,Journal of Gender Studies,Bridging the gap: the effect of gender normativity on differences in empathy and emotional intelligence,doi:10.1080/09589236.2015.1049246,84931053023,true,false,false,false,false,development,previous_only,234,40,25ee5350ae06c5e74756e6a88e5059d151061f6b5b0b01a956c1312d9e278852
84939448548,10.1016/j.actpsy.2015.07.017,2015,29424,Acta Psychologica,Retrieval monitoring is influenced by information value: The interplay between importance and confidence on false memory,doi:10.1016/j.actpsy.2015.07.017,84939448548,true,false,false,false,false,development,previous_only,234,40,25f4d9b3b78e5d98d14b2c63c837909666d1115399c87c83e503fe5fe1cf7c6b
85190156129,10.1097/mlr.0000000000001993,2024,17785,Medical Care,Development and Evaluation of Messages for Reducing Overscreening of Breast Cancer in Older Women,doi:10.1097/mlr.0000000000001993,85190156129,true,false,false,false,false,development,previous_only,234,40,26a26c83f64b813d95d5b7ff47dea4b60ab55db1588105996869483501b18315
85143317308,10.1108/jmp-01-2021-0008,2023,20654,Journal of Managerial Psychology,Linking self-efficacy and organizational identification: a moderated mediation model based on a self-verification perspective,doi:10.1108/jmp-01-2021-0008,85143317308,true,false,false,false,false,development,previous_only,234,40,2786a6583a789c8fd9d89d2c70f5c6efc0992dc851bca19013019fe538216a76
85037982397,10.1080/10410236.2017.1407275,2019,33982,Health Communication,Just a Spoonful of Sugar Helps the Messages Go Down: Using Stories and Vicarious Self-Affirmation to Reduce e-Cigarette Use,doi:10.1080/10410236.2017.1407275,85037982397,true,false,false,false,false,development,previous_only,234,40,278f6721902f24670ddeb1dbdd5468da26d367b7ce2bdd4e8486ba1cb830b300
105002148933,10.1016/j.chb.2025.108665,2025,19419,Computers in Human Behavior,“Their privacy matters too!” A self-other calculus perspective on disclosure of others’ information on social media: The influence of relationship closeness and affect,doi:10.1016/j.chb.2025.108665,105002148933,true,false,false,false,false,development,previous_only,234,40,283c8ab129626843b667168ac20d65d450801dacd1dfd5c040979e198c5b9e7a
85187566150,10.1016/j.jbusres.2024.114617,2024,20550,Journal of Business Research,How reaching numerical roundness on subgoals affects the completion of superordinate goals,doi:10.1016/j.jbusres.2024.114617,85187566150,true,false,false,false,false,development,previous_only,234,40,28a010c8c453d340c265e811b7c592b5b3425c03574e4a0e52acf45962c92e30
85169165401,10.1002/job.2745,2024,30020,Journal of Organizational Behavior,"How, when, and why high job performance is not always good: A three-way interaction model",doi:10.1002/job.2745,85169165401,true,false,false,false,false,development,previous_only,234,40,2959997c22ba08276986799903de33d4bd8e4d104ea87d5f9250cc1d87763e21
105011308817,10.1038/s41598-025-12083-7,2025,21100200805,Scientific Reports,The impact of corporate social responsibility on employee safety citizenship behavior in Chinese gas sector,doi:10.1038/s41598-025-12083-7,105011308817,true,false,false,false,false,development,previous_only,234,40,2c3c460a2689b3725135dfa4986e0c9c77bdcb4f053cd299b58b25ff7a807e53
85090305943,10.1037/rel0000384,2022,17700156745,Psychology of Religion and Spirituality,The Impact of Diagnosis and Religious Orientation on Mental Illness Stigma,doi:10.1037/rel0000384,85090305943,true,false,false,false,false,development,previous_only,234,40,2c467c741cd8b74dbaa14e4a339bdb97caf332ed5396f924d49868dca35374bb
85179063319,10.1016/j.jbusres.2023.114443,2024,20550,Journal of Business Research,Let the powerful people do tricky things: How leaders’ or subordinates’ political behavior copes with high job demands,doi:10.1016/j.jbusres.2023.114443,85179063319,true,false,false,false,false,development,previous_only,234,40,2cb6f979fad1840ad3f4bf1d9be205f6c57e5e1cce8e3113d3a5f2ee464cfe5e
105031969092,10.3389/fpsyg.2026.1763335,2026,21100216571,Frontiers in Psychology,How Machiavellian leadership affects employees' happiness at work: the role of psychological contract breach and coworker exchange,doi:10.3389/fpsyg.2026.1763335,105031969092,true,false,false,false,false,development,previous_only,234,40,2df3c779ad7eccd079aa1b0b6df3f3fcb2298392bf0ea80c78fc09232c24c6e8
