change,scopus_id,doi,title,year,journal,source_id,in_frame,first_authid,last_authid,byline_complete,local_phrase_verified,matched_families
added,73649132959,10.1111/j.1537-2995.2009.02381.x,Education in donation coping strategies encourages individuals to give blood: Further evaluation of a donor recruitment brochure,2010,Transfusion,20186,false,7103157283,35810093800,true,true,text_assignment
added,77649140877,10.1542/peds.2009-1666,"A ""novel"" intervention: A pilot study of children's literature and healthy lifestyles",2010,Pediatrics,15756,true,6603424679,8907994300,true,true,text_assignment
added,77951211348,,Beliefs and perceptions about the personality characteristics of children and adults suffering from a terminal illness,2010,North American Journal of Psychology,3900148501,false,58039876800,6602187469,true,false,
added,78249285619,10.1016/j.paid.2010.09.007,Sex differences in response to imagining a partner's heterosexual or homosexual affair,2011,Personality and Individual Differences,12807,true,36016215000,36652467400,true,true,text_assignment
added,79958226584,10.1007/s12160-010-9242-0,Impact of genetic causal information on medical students' clinical encounters with an obese virtual patient: Health promotion and social stigma,2011,Annals of Behavioral Medicine,27473,true,23006054100,7004000684,true,false,
added,79960564053,10.1186/1741-7015-9-89,Can user testing of a clinical trial patient information sheet make it fit-for-purpose? - A randomized controlled trial,2011,BMC Medicine,28111,false,7101686591,35103238200,true,true,text_assignment
added,79961001062,10.1111/j.1943-278X.2010.00008.x,Effects of race and precipitating event on suicide versus nonsuicide death classification in a college sample,2011,Suicide and Life Threatening Behavior,15313,true,7404928873,45160938900,true,true,text_assignment
added,82055191591,10.1016/j.psychsport.2011.10.009,An experimental investigation of physical education teachers' and coaches' reactions to weight-based victimization in youth,2012,Psychology of Sport and Exercise,14033,true,53871858700,36611901900,true,false,
added,82255191207,10.1177/107769901108800303,The mediating role of emotions in the relationship between frames and attribution of responsibility for health problems,2011,Journalism and Mass Communication Quarterly,20687,true,25634077000,25634077000,true,true,text_assignment
added,82855167335,10.2304/plat.2011.10.1.25,Lesson learned: Using clinical examples for teaching research methods,2011,Psychology Learning and Teaching,20500195402,true,55515557400,36783934000,true,false,
added,84857606356,10.1108/08876041211199715,"Explanations: If, when, and how they aid service recovery",2012,Journal of Services Marketing,130049,false,7101739997,7006402348,true,true,text_assignment
added,84859227431,10.1177/1948550611420886,Attachment anxiety uniquely predicts regret proneness in close relationship contexts,2012,Social Psychological and Personality Science,19900193555,true,36760833600,6603336784,true,true,text_assignment
added,84859630916,10.1016/j.psychsport.2012.03.001,Enhancing self-efficacy and exercise readiness in pregnant women,2012,Psychology of Sport and Exercise,14033,true,35262245500,7004562351,true,true,text_assignment
added,84859903900,10.1016/j.psychsport.2012.03.004,Using efficacy information to manipulate proxy efficacy in novice exercisers,2012,Psychology of Sport and Exercise,14033,true,35762355900,56320597300,true,false,
added,84862565840,10.1016/j.jsr.2012.02.002,Young drivers' perceptions of culpability of sleep-deprived versus drinking drivers,2012,Journal of Safety Research,29284,true,36242666200,7102261540,true,false,
added,84864105685,10.1123/jsep.34.2.223,Pregnancy-should women put up their feet or lace up their running shoes?: Self-presentation and the exercise stereotype phenomenon during pregnancy,2012,Journal of Sport and Exercise Psychology,30091,false,35262245500,7004562351,true,false,
added,84864412222,10.1136/jfprhc-2011-100118,Ovarian and cervical cancer awareness: Development of two validated measurement tools,2012,Journal of Family Planning and Reproductive Health Care,25089,false,8311204100,57191898211,true,false,
added,84865478686,10.1177/0020764011408652,Effects of a psychiatric label on medical residents' attitudes,2012,International Journal of Social Psychiatry,16186,true,55346224200,23479442000,true,false,
added,84866755033,,The accuracy of metacomprehension judgments: The biasing effect of text order,2012,Electronic Journal of Research in Educational Psychology,18800156721,false,6507736436,55368060700,true,true,text_assignment
added,84867900938,10.1111/j.1525-1446.2012.01038.x,Message Framing and Parents' Intentions to have their Children Vaccinated Against HPV,2012,Public Health Nursing,29368,true,41761227400,55043167200,true,true,text_assignment
added,84869191190,10.1521/jscp.2012.31.8.878,How will i judge you for spending money on treatment? the effect of perceived treatment seeking behavi or on negative eva luation of those with depression,2012,Journal of Social and Clinical Psychology,30085,true,26531333900,36128669100,true,true,text_assignment
added,84869421192,10.1080/02602938.2011.594497,Just a harmless website?: An experimental examination of RateMyProfessors.com's effect on student evaluations,2012,Assessment and Evaluation in Higher Education,5700152760,false,36783934000,36497416500,true,false,
added,84873748289,10.1007/s12144-012-9161-2,The Effects of Statistical Format and Population Specificity on Adolescent Perceptions of Cell Phone Use While Driving,2013,Current Psychology,13479,true,55579812800,23394250100,true,false,
added,84875349873,,The effect of the norm of reciprocity in deterring inconsiderate behavior: The gratitude message and knowledge of the sender's identity,2012,Research in Social Psychology,19400157157,false,55630508900,7501317302,true,true,text_assignment
added,84876287988,10.1097/OLQ.0b013e318283c8a8,Increasing human papillomavirus vaccine acceptability by tailoring messages to young adult women's perceived barriers,2013,Sexually Transmitted Diseases,24944,true,6603226983,16028893500,true,true,text_assignment
added,84877878010,10.1080/10807039.2012.702015,Public Reactions to Risk Messages Communicating Different Sources of Uncertainty: An Experimental Test,2013,Human and Ecological Risk Assessment,22651,true,18037703000,6602700252,true,true,text_assignment
added,84880587007,10.1080/08870446.2013.764428,The influence of affective and cognitive arguments on message judgement and attitude change: The moderating effects of meta-bases and structural bases,2013,Psychology and Health,14012,true,36110114900,24544594300,true,true,text_assignment
added,84881086443,10.1037/a0030108,Messages for men: The efficacy of EPPM-based messages targeting men's physical activity,2013,Health Psychology,14277,true,55780785800,55043167200,true,false,
added,84882670796,10.1080/15299716.2013.813419,Don't Bi-Negative: Reduction of Negative Attitudes Toward Bisexuals by Blurring the Gender Dichotomy,2013,Journal of Bisexuality,4700152759,false,55831067500,57347883300,true,true,text_assignment
added,84887325184,10.1521/soco.2013.31.5.578,Reading narrative fiction reduces arab-muslim prejudice and offers a safe haven from intergroup anxiety,2013,Social Cognition,14823,true,57225857981,55923861300,true,true,text_assignment
added,84888013564,10.1080/08870446.2013.834057,"The blame game: Cervical cancer, knowledge of its link to human papillomavirus and stigma",2014,Psychology and Health,14012,true,55606724000,6603226983,true,true,text_assignment
added,84888405031,10.1037/a0030126,Do you want the good news or the bad news? Gain-versus loss-framed messages following health risk information: The effects on leisure time physical activity beliefs and cognitions,2013,Health Psychology,14277,true,55785150300,55043167200,true,true,text_assignment
added,84894071029,10.1123/jsep.2012-0278,Effects of message framing on self-report and accelerometer-assessed physical activity across age and gender groups,2014,Journal of Sport and Exercise Psychology,30091,false,16637565100,7102805534,true,true,text_assignment
added,84901292731,,The effects of negative body talk in an ethnically diverse sample of college students,2014,North American Journal of Psychology,3900148501,false,56178106300,6603297842,true,true,text_assignment
added,84901733553,10.1007/s00127-013-0764-1,"Genetic attributions and mental illness diagnosis: Effects on perceptions of danger, social distance, and real helping decisions",2014,Social Psychiatry and Psychiatric Epidemiology,19841,true,55647045000,6603379273,true,false,
added,84903310507,10.1111/pme.12378,The effect of cognitive load and patient race on physicians' decisions to prescribe opioids for chronic low back pain: A randomized trial,2014,Pain Medicine United States,18500161700,true,7203025729,6602689838,true,false,
added,84903612294,10.1080/10810730.2013.837549,"Math anxiety and exposure to statistics in messages about genetically modified foods: Effects of numeracy, math self-efficacy, and form of presentation",2014,Journal of Health Communication,15916,true,7003717640,7102812392,true,true,text_assignment
added,84903721869,10.1080/16506073.2014.914078,An Experimental Manipulation of Social Comparison in Social Anxiety,2014,Cognitive Behaviour Therapy,12868,true,23978338000,7101860643,true,false,
added,84906765911,10.1016/j.biopsycho.2014.08.004,Mindset induction effects on cognitive control: A neurobehavioral investigation,2014,Biological Psychology,12145,true,54581604100,8501538600,true,true,text_assignment
added,84922463963,10.1093/eurpub/cku064,Can media images of obese people undermine health messages? An experimental study of visual representation and risk perception,2014,European Journal of Public Health,20733,true,57205766034,56509052100,true,true,text_assignment
added,84922466955,10.1016/j.jocrd.2015.01.003,Impact of a brief education about mental illness on stigma of OCD and violent thoughts,2015,Journal of Obsessive Compulsive and Related Disorders,21100202146,true,6602074574,57199282158,true,true,text_assignment
added,84925137431,10.1080/01973533.2014.996224,Ambivalent Sexism in Context: Hostile and Benevolent Sexism Moderate Bias Against Female Drivers,2015,Basic and Applied Social Psychology,12088,true,55332381400,6603004345,true,true,text_assignment
added,84926453658,10.1016/j.marpol.2015.02.012,Communicating about marine disease: The effects of message frames on policy support,2015,Marine Policy,27851,true,6602519450,56014210800,true,false,
added,84929267815,10.1080/08870446.2014.996565,Enhancing the effects of a narrative message through experiential information processing: An experimental study,2015,Psychology and Health,14012,true,11839474900,56495300000,true,false,
added,84931053023,10.1080/09589236.2015.1049246,Bridging the gap: the effect of gender normativity on differences in empathy and emotional intelligence,2016,Journal of Gender Studies,23704,true,56037248900,13608393900,true,true,text_assignment
added,84932635819,10.1037/hea0000178,Experiencing weight bias in an unjust world: Impact on exercise and internalization,2015,Health Psychology,14277,true,37461895000,7006256590,true,true,text_assignment
added,84940483976,10.1037/a0039611,The influence of emphasizing psychological causes of depression on public stigma,2015,Canadian Journal of Behavioural Science,12819,true,56583943100,6701726999,true,true,text_assignment
added,84941878121,10.1002/jclp.22199,Dangerous Words? An Experimental Investigation of the Impact of Detailed Reporting About Suicide on Subsequent Risk,2015,Journal of Clinical Psychology,15410,true,15821688600,35547584300,true,false,
added,84942196858,10.1080/10413200.2015.1044136,Implicit Theories of Mental Skills Abilities in Collegiate Athletes,2015,Journal of Applied Sport Psychology,19870,false,56723631700,7006622074,true,true,text_assignment
added,84942518013,10.1016/j.eatbeh.2015.09.010,"Weight acceptance versus body dissatisfaction: Effects on stigma, perceived self-esteem, and perceived psychopathology",2015,Eating Behaviors,13545,true,55773978000,6603386933,true,false,
added,84947046308,10.1007/s12152-014-9223-2,"Empirical Support for the Moral Salience of the Therapy-Enhancement Distinction in the Debate Over Cognitive, Affective and Social Enhancement",2015,Neuroethics,14300154705,true,55319086800,7006024841,true,false,
added,84953713862,10.1080/13669877.2015.1118149,Transparency in the food aisle: the influence of procedural justice on views about labeling GM foods,2016,Journal of Risk Research,23434,true,57206333217,56088142600,true,true,text_assignment
added,84954025800,10.1080/15299716.2015.1050537,"Effects of gender group norms on the endorsement of same-sex attraction, behavior, and identity",2015,Journal of Bisexuality,4700152759,false,56037248900,13608393900,true,true,text_assignment
added,84957432675,10.1017/S1352465815000041,Attitudes and Preferences towards Self-help Treatments for Depression in Comparison to Psychotherapy and Antidepressant Medication,2016,Behavioural and Cognitive Psychotherapy,12128,false,57214403105,7103183461,true,false,
added,84957847950,10.1080/03637751.2015.1030681,Examining the “Blanket of Protection” Conferred by Inoculation: The Effects of Inoculation Messages on the Cross-protection of Related Attitudes,2016,Communication Monographs,12853,true,7401598035,9633141200,true,true,text_assignment
added,84958898441,10.1037/aca0000041,"Effects of ""literariness"" on emotions and on empathy and reflection after reading",2016,Psychology of Aesthetics Creativity and the Arts,19500156812,true,56594957300,56594957300,true,true,text_assignment
added,84959231696,10.1080/15298868.2016.1145593,The power of affirming group values: Group affirmation buffers the self-esteem of women exposed to blatant sexism,2016,Self and Identity,5800179627,true,6602965052,57031295600,true,true,text_assignment
added,84960480926,10.1080/10538712.2015.1108945,I Knew It All Along: The Sexual Grooming Behaviors of Child Molesters and the Hindsight Bias,2016,Journal of Child Sexual Abuse,29882,false,57069797000,8602816500,true,false,
added,84962226786,10.1016/j.ijlp.2016.02.041,Educating jurors about eyewitness testimony in criminal cases with circumstantial and forensic evidence,2016,International Journal of Law and Psychiatry,15626,true,7003736811,55338208800,true,true,text_assignment
added,84963568620,10.1002/acp.3233,Sensitizing Potential Jurors to Variations in Eyewitness Evidence Quality Using Counterfactual Thinking,2016,Applied Cognitive Psychology,12024,true,34977387200,30367575200,true,true,text_assignment
added,84966359522,10.1016/j.erap.2016.02.002,Attitudes toward health-messages: The link between perceived attention and subjective strength,2016,Revue Europeenne De Psychologie Appliquee,14121,false,56747705300,6602984345,true,true,text_assignment
added,84969141936,10.1080/13811118.2016.1175395,Discussing Firearm Ownership and Access as Part of Suicide Risk Assessment and Prevention: “Means Safety” versus “Means Restriction”,2017,Archives of Suicide Research,12053,true,56524250600,35547584300,true,true,text_assignment
added,84973412468,10.1016/S1701-2163(16)30072-X,Is Any Press Good Press? The Impact of Media Portrayals of Infertility on Young Adults' Perceptions of Infertility,2015,Journal of Obstetrics and Gynaecology Canada,37502,false,56397080600,57196663717,true,false,
added,84975257620,10.1080/10720162.2015.1130001,The Interactive Effects of Religiosity and Priming Religion Following Recall of a Values Violation,2016,Sexual Addiction and Compulsivity,14800,false,31067462900,57189853504,true,true,text_assignment
added,84975266620,10.1080/0163853X.2016.1166334,Augmenting the Refutation Text Effect with Analogies and Graphics,2016,Discourse Processes,25989,true,56122525300,9038574200,true,true,text_assignment
added,84980371970,10.1080/10926771.2016.1185755,"Bystander Responses to Risk for Rape Perpetrated by a Friend, Acquaintance, or Stranger",2016,Journal of Aggression Maltreatment and Trauma,15373,true,57190239203,57190488050,true,false,
added,84983356867,10.1371/journal.pone.0160254,"The use of ""Literary Fiction"" to promote mentalizing ability",2016,Plos One,10600153309,true,37026992300,7006184739,true,true,text_assignment
added,84984907254,10.1080/01639625.2016.1197656,Stages of Sexual Grooming: Recognizing Potentially Predatory Behaviors of Child Molesters,2017,Deviant Behavior,14293,true,57069797000,8602816500,true,true,text_assignment
added,84986232759,10.1089/cyber.2016.0110,Causal Effects of Language on the Exchange of Social Support in an Online Community,2016,Cyberpsychology Behavior and Social Networking,19700176047,true,57191052575,7402544503,true,false,
added,84988014541,10.1177/0093650215581369,When Politics Is a Woman’s Game: Party and Gender Ownership in Woman-Versus-Woman Elections,2016,Communication Research,17649,true,54946647500,6701491860,true,true,text_assignment
added,84989259753,10.1080/10926771.2016.1228019,Bystander Perceptions of Same-Gender Versus Mixed-Gender Rape: A Pilot Study,2016,Journal of Aggression Maltreatment and Trauma,15373,true,56728012700,26657684800,true,true,text_assignment
added,84992159953,10.1080/10410236.2016.1228030,"The Doctor Versus the Internet: Effects of Low-, Medium-, and High-Quality Websites on Intentions to Follow the Doctor’s Advice",2017,Health Communication,33982,true,56572402300,7007037095,true,true,text_assignment
added,84992381870,10.1080/13607863.2016.1239063,Positive versus negative priming of older adults’ generative value: do negative messages impair memory?,2018,Aging and Mental Health,28478,true,57191647240,6602475480,true,true,text_assignment
added,84996528822,10.1080/10538712.2016.1236870,Impact of Perpetrator Type on Attributions of Mother Fault in Child Sexual Abuse,2016,Journal of Child Sexual Abuse,29882,false,57192073568,39361114700,true,true,text_assignment
added,84998591727,10.1016/j.chb.2016.11.041,Students' perceptions of the effect of social media ostracism on wellbeing,2017,Computers in Human Behavior,19419,true,55533439200,6701921682,true,true,text_assignment
added,85013066195,10.1080/01973533.2017.1283503,Effects of Social Norms Information and Self-Affirmation on Sugar-Sweetened Beverage Consumption Intentions and Behaviors,2017,Basic and Applied Social Psychology,12088,true,57219433514,7101929398,true,false,
added,85016191421,10.1007/s13178-017-0282-0,The Role of Sex Work Stigma in Victim Blaming and Empathy of Sexual Assault Survivors,2018,Sexuality Research and Social Policy,5700166815,true,26968144900,57193737030,true,true,text_assignment
added,85016437537,10.1002/eat.22710,Attitudes toward orthorexia nervosa relative to DSM-5 eating disorders,2017,International Journal of Eating Disorders,12675,true,57189360274,7004576064,true,true,text_assignment
added,85017464261,10.1080/2050571X.2017.1316920,Evaluation and revision of a Tinnitus Brochure,2018,Speech Language and Hearing,21100427224,false,57193905663,59157808900,true,true,text_assignment
added,85019412225,10.1080/1533015X.2017.1305920,Responding to misinformation about climate change,2017,Applied Environmental Education and Communication,6500153246,true,57194264613,14420741500,true,true,text_assignment
added,85019608098,10.1080/09658211.2016.1217340,The effect of the order in which episodic autobiographical memories versus autobiographical knowledge are shared on feelings of closeness,2017,Memory,12059,true,57072909500,57072795700,true,true,text_assignment
added,85021979578,10.1891/0886-6708.VV-D-15-00054,Perceptions of stalking: The impact of threat level and victim response,2017,Violence and Victims,18778,true,57193154100,8104436200,true,true,text_assignment
added,85026898144,10.1007/s12152-017-9340-9,Public Attitudes Towards Moral Enhancement. Evidence that Means Matter Morally,2017,Neuroethics,14300154705,true,56072081300,7006024841,true,true,text_assignment
added,85028019811,10.1016/j.jogc.2017.06.028,Evaluation of an Information Pamphlet for Women Considering Epidural Analgesia in Labour,2018,Journal of Obstetrics and Gynaecology Canada,37502,false,33567970000,7201762478,true,false,
added,85028958024,10.6251/BEP.20150408,The effects of text coherence and narrative perspective on children’s moral story comprehension,2016,Bulletin of Educational Psychology,21100829905,false,56806401900,57195586152,true,true,text_assignment
added,85029811197,,Asian international students’ beliefs about psychologists’ international competencies and services,2017,Revista De Cercetare Si Interventie Sociala,19700177314,false,55711164400,55355730500,true,false,
added,85029909741,10.1007/s11199-017-0842-z,Neoliberal Beliefs and Perceptions of Unintended Adolescent Pregnancy after Consensual or Forced Sex,2018,Sex Roles,14798,true,57190239203,57195836635,true,false,
added,85030680668,10.1007/s11292-017-9306-2,Reluctant to embrace innocence: an experimental test of persevering culpability judgments on people’s willingness to support reintegration services for exonerees,2018,Journal of Experimental Criminology,130146,true,25931228500,57195981233,true,true,text_assignment
added,85034713934,10.1177/0886260516636391,Measuring Attitudes About Hate: Development of the Hate Crime Beliefs Scale,2018,Journal of Interpersonal Violence,20374,true,57201669135,7006411850,true,true,text_assignment
added,85035781725,10.1080/10410236.2017.1405487,Understanding the Effects of Stigma Messages: Danger Appraisal and Message Judgments,2019,Health Communication,33982,true,57190224982,7101967584,true,true,text_assignment
added,85041003706,10.1037/sgd0000186,Effect of exposure to a Safe Zone symbol on perceptions of campus climate for sexual minority students,2016,Psychology of Sexual Orientation and Gender Diversity,21100830172,true,57190239203,57200367215,true,false,
added,85041309960,10.4103/jovr.jovr_50_17,Effect of different illumination sources on reading and visual performance,2018,Journal of Ophthalmic and Vision Research,19700183009,false,57216549653,24491602500,true,true,text_assignment
added,85041317810,10.1177/1948550617731500,Science Denial Across the Political Divide: Liberals and Conservatives Are Similarly Motivated to Deny Attitude-Inconsistent Science,2018,Social Psychological and Personality Science,19900193555,true,56417469200,6701806872,true,true,text_assignment
added,85041430030,10.1016/j.ijlp.2018.01.003,The impact of defendants' race in competency to stand trial referrals,2018,International Journal of Law and Psychiatry,15626,true,57200505710,37078335300,true,true,text_assignment
added,85041494395,10.1080/0361073X.2017.1422475,Diagnosis makes a difference: Perceptions of older persons with dementia symptoms,2018,Experimental Aging Research,14143,false,56784267000,7005942951,true,true,text_assignment
added,85042227597,10.1177/0261927X18758143,Language Choice Matters: When Profanity Affects How People Are Judged,2019,Journal of Language and Social Psychology,15564,true,57200694961,6507544050,true,true,text_assignment
added,85042721436,10.1016/j.psychsport.2018.02.006,"Mindsets applied to fitness: Growth beliefs predict exercise efficacy, value and frequency",2018,Psychology of Sport and Exercise,14033,true,57193927990,35763423600,true,true,text_assignment
added,85044644055,10.1002/capr.12170,Trainee estimates of working alliance with upper- and working-class clients,2018,Counselling and Psychotherapy Research,18000156703,false,56677333800,7102999964,true,true,text_assignment
added,85044964865,10.1016/j.psychres.2018.03.039,Suicide literacy predicts the provision of more appropriate support to people experiencing psychological distress,2018,Psychiatry Research,18729,true,54941187200,56915045300,true,false,
added,85045443556,10.1080/17439760.2018.1460690,"Framing gratitude journaling as prayer amplifies its hedonic and eudaimonic well-being, but not health, benefits",2019,Journal of Positive Psychology,5800207373,true,55252436200,57201642107,true,true,text_assignment
added,85046431450,10.1080/08824096.2018.1467833,Online Celebrity Bashing: Wrecking Ball or Good for You? Adolescent Girls’ Attitudes Toward the Media and Public Bashing of Miley Cyrus and Selena Gomez,2018,Communication Research Reports,5700155425,true,57194323174,6603149971,true,true,text_assignment
added,85048950706,10.1097/AJP.0000000000000586,Evaluating differential effects of specific pain dismissal interactions with physicians,2018,Clinical Journal of Pain,14880,false,57197786631,7202338153,true,false,
added,85049041992,10.1136/archdischild-2017-312615,Improved pregnant women's understanding of research information by an enhanced informed consent form: A randomised controlled study nested in neonatal research,2018,Archives of Disease in Childhood Fetal and Neonatal Edition,30081,false,56288783600,34975076400,true,true,text_assignment
added,85050292666,10.1037/hea0000631,"Effects of a methodological infographic on research participants' knowledge, transparency, and trust",2018,Health Psychology,14277,true,7005921154,14830202800,true,false,
added,85050827720,10.1177/2055102918767718,Willingness to trade-off: An intermediate factor in patient decision-making regarding escalating care,2018,Health Psychology Open,21100794825,false,36451204300,7003786580,true,true,text_assignment
added,85050923297,10.1080/10640266.2018.1499337,"Why do men stigmatize individuals with eating disorders more than women? Experimental evidence that sex differences in conformity to gender norms, not biological sex, drive eating disorders’ stigmatization",2019,Eating Disorders,13547,false,57203202662,55681083600,true,false,
added,85053670796,10.1080/10615806.2018.1519703,The role of self-compassion during difficult economic times,2018,Anxiety Stress and Coping,12020,true,57203943472,6602274167,true,false,
added,85055420673,10.1016/j.jocrd.2018.10.001,Effects of psychoeducation on attitudes towards individuals with pedophilic sexual intrusive thoughts,2018,Journal of Obsessive Compulsive and Related Disorders,21100202146,true,57204390564,6602074574,true,true,text_assignment
added,85055526293,10.1080/10410236.2018.1536943,You Mad? Using Anger Appeals to Promote Activism Intentions and Policy Support in the Context of Sugary Drink Marketing to Kids,2019,Health Communication,33982,true,57192990911,57192990911,true,true,text_assignment
added,85057869448,10.1080/01292986.2018.1543334,Comparing the effects of argumentation and facework on Americans and Chinese’ responses to advice in supportive interactions,2019,Asian Journal of Communication,17730,true,7202087525,59618166400,true,true,text_assignment
added,85059039235,10.3389/fpsyg.2018.02635,Does disclosure about the common factors affect laypersons' opinions about how cognitive behavioral psychotherapy works?,2018,Frontiers in Psychology,21100216571,true,36558812800,26642973000,true,true,text_assignment
added,85059301804,10.1002/jclp.22736,The “me too” decision: An analog study of therapist self-disclosure of psychological problems,2019,Journal of Clinical Psychology,15410,true,57205266777,6506394349,true,false,
added,85060217148,10.1177/1077699018802256,Sacred Sports: Moral Responses to Sports Media Content,2019,Journalism and Mass Communication Quarterly,20687,true,55479944500,7003654943,true,true,text_assignment
added,85060535430,10.1371/journal.pone.0211206,Physician characteristics associated with proper assessment of overstated conclusions in research abstracts: A secondary analysis of a randomized controlled trial,2019,Plos One,10600153309,true,57188583492,7403159918,true,true,text_assignment
added,85060712389,10.1016/j.jecp.2018.12.008,Conversation about the future self improves preschoolers’ prospection abilities,2019,Journal of Experimental Child Psychology,15472,false,55955436500,7202268588,true,true,text_assignment
added,85060990785,10.1177/1368430217737856,Manipulating entitativity affects implicit behavioral and neural attentional biases toward gay couples,2019,Group Processes and Intergroup Relations,14946,true,8206182700,57205662452,true,false,
added,85061332547,10.1080/00224499.2019.1568378,Linguistic Sexism in Peer-Reviewed Research Influences Recall But Not Perceptions,2020,Journal of Sex Research,30084,true,57194572494,36486544700,true,true,text_assignment
added,85061433336,10.1080/0163853X.2019.1576471,Did I Offend You or Did It? Agency Assignment in Interpersonal Apology,2020,Discourse Processes,25989,true,57205753924,36002661100,true,true,text_assignment
added,85061474480,10.1037/dhe0000102,Just joking? White college students' responses to different types of racist comments,2019,Journal of Diversity in Higher Education,17700156740,true,57190239203,23098306400,true,true,text_assignment
added,85063868091,10.1080/1068316X.2019.1597091,Exonerees in Black and White: the influence of race on perceptions of those who falsely confessed to a crime,2019,Psychology Crime and Law,14027,true,56819722100,56819722100,true,true,text_assignment
added,85064477346,10.1080/10510974.2019.1597745,Customers or Academic Trainees? An Experimental Investigation to Reduce Academic Entitlement in the College Classroom,2019,Communication Studies,5600153399,true,57188817986,56043308100,true,false,
added,85064817802,10.1093/geronb/gby080,Reframing aging: Effect of a short-term framing intervention on implicit measures of age bias,2019,Journals of Gerontology Series B Psychological Sciences and Social Sciences,29561,true,56017435600,24773623200,true,true,text_assignment
added,85065392436,10.1177/0886260519846863,Bounded Blame: The Effects of Victim–Perpetrator Relationship and Victimization History on Judgments of Sexual Violence,2021,Journal of Interpersonal Violence,20374,true,57208643615,57195989038,true,true,text_assignment
added,85065419704,10.1080/10410236.2018.1431024,A Test of The Risk Perception Attitude Framework as a Message Tailoring Strategy to Promote Diabetes Screening,2019,Health Communication,33982,true,15019703100,6701592375,true,true,text_assignment
added,85065434793,10.1037/men0000217,"Injunctive norms, sexism, and misogyny network activation among men",2020,Psychology of Men and Masculinity,14031,true,57210223786,55649905500,true,false,
added,85065851957,10.1080/15534510.2019.1581083,Reassessing the integrated model of advice-giving in supportive interactions: the moderating roles of need for cognition and communication styles,2019,Social Influence,6700153284,true,57193309696,57193312543,true,true,text_assignment
added,85067794991,10.1097/MLR.0000000000001133,A Randomized Study of Values Affirmation to Promote Interest in Diabetes Prevention Among Women With a History of Gestational Diabetes,2019,Medical Care,17785,true,56422875700,7201825206,true,false,
added,85068315276,10.1177/0093854819858373,Hiring the Formerly Incarcerated: The Mediating Role of Morality,2019,Criminal Justice and Behavior,19664,true,57209643765,56511514700,true,false,
added,85069728200,10.1016/j.jesp.2019.103817,Disgust sensitivity and opposition to immigration: Does contact avoidance or resistance to foreign norms explain the relationship?,2019,Journal of Experimental Social Psychology,15499,true,57202369177,21835123100,true,true,text_assignment
added,85070115265,10.1080/08995605.2019.1630231,An empirical examination of stigma toward mental health problems and psychotherapy use in Veterans and active duty service members,2019,Military Psychology,12693,true,57191192155,25928104200,true,false,
added,85070315806,10.1111/papt.12247,Causal explanations of depression and treatment credibility in adults with untreated depression: Examining attribution theory,2020,Psychology and Psychotherapy Theory Research and Practice,14016,false,56710898300,7103043893,true,false,
added,85070854192,10.1080/17439760.2019.1651894,Good for self or good for others? The well-being benefits of kindness in two cultures depend on how the kindness is framed,2020,Journal of Positive Psychology,5800207373,true,57190044668,7003922794,true,true,text_assignment
added,85071720850,10.1080/13562517.2019.1661375,Autonomy-supportive language in the syllabus: supporting students from the first day,2021,Teaching in Higher Education,200147112,true,55573719600,57193009828,true,false,
added,85073593978,10.1080/02640414.2019.1665876,Changing attitudes and intentions related to doping: An analysis of individual differences in need for cognition,2019,Journal of Sports Sciences,21090,true,8963173700,57211352458,true,true,text_assignment
added,85073652413,10.1080/10810730.2019.1643954,Beyond Personal Responsibility: Examining the Effects of Narrative Engagement on Communicative and Civic Actions,2019,Journal of Health Communication,15916,true,57761153200,57385070700,true,true,text_assignment
added,85074808960,10.1007/s40519-019-00812-7,Real women have (just the right) curves: investigating anti-thin bias in college women,2020,Eating and Weight Disorders,15460,true,57205496317,7004576064,true,false,
added,85075036397,10.1145/3359303,The effect of expressive biosignals on empathy and closeness for a stigmatized group member,2019,Proceedings of the ACM on Human Computer Interaction,21100908414,true,57209061273,10046192800,true,true,text_assignment
added,85075163684,10.1177/0886260519888209,"An Experimental Investigation of Victim Blaming in Sexual Assault: The Roles of Victim Sexual Orientation, Coercion Type, and Stereotypes About Bisexual Women",2021,Journal of Interpersonal Violence,20374,true,57024047800,56107425800,true,true,text_assignment
added,85076492172,10.1093/poq/nfz042,Thinking Fast and Furious: Emotional Intensity and Opinion Polarization in Online Media,2019,Public Opinion Quarterly,23574,true,57212350502,23995255100,true,true,text_assignment
added,85078308355,10.3389/feduc.2019.00110,Comparing Student Learning From and Perceptions of Open and Commercial Textbook Excerpts: A Randomized Experiment,2019,Frontiers in Education,21100935978,true,55241160200,57214138722,true,false,
added,85078625532,10.1080/16506073.2019.1682654,Evaluating approaches to marketing cognitive behavioral therapy: does evidence matter to consumers?,2020,Cognitive Behaviour Therapy,12868,true,15049869200,21734050000,true,false,
added,85079756336,10.1007/s12671-020-01344-3,Evaluating Acceptance and Commitment Therapy and Mindfulness-Based Stress Reduction Self-Help Books for College Student Mental Health,2020,Mindfulness,19600166326,true,57212422380,6701601881,true,false,
added,85081300423,10.1037/prj0000406,"Patient, client, consumer, or service user? An empirical investigation into the impact of labels on stigmatizing attitudes",2020,Psychiatric Rehabilitation Journal,18701,true,57205103652,6603848413,true,true,text_assignment
added,85081420498,10.1037/sah0000146,Attribution Theory and Reducing Stigma Toward Women With Postpartum Depression: Examining the Role of Perceptions of Stability,2019,Stigma and Health,21101042149,true,57213152895,8690478100,true,true,text_assignment
added,85082432811,10.1177/0020764020913322,The impact of mental health diagnoses on perceptions of risk of criminality,2020,International Journal of Social Psychiatry,16186,true,57215931839,8976886100,true,true,text_assignment
added,85083278173,10.1111/sltb.12636,Short-Term Effects of Media Reports on Terrorism That Are Consistent vs. Not Consistent with Media Recommendations on Mass Shootings: A Randomized Controlled Trial,2020,Suicide and Life Threatening Behavior,15313,true,36442500600,16304838000,true,true,text_assignment
added,85083298690,10.5964/jspp.v8i1.1085,Selective exposure and the authoritarian dynamic: Evidence from canada and the united states,2020,Journal of Social and Political Psychology,21100812569,true,35274670300,26040763000,true,true,text_assignment
added,85084124823,10.1073/pnas.1921790117,"Social, psychological, and demographic characteristics of dehumanization toward immigrants",2020,Proceedings of the National Academy of Sciences of the United States of America,21121,true,36864003900,7007111080,true,true,text_assignment
added,85084674495,10.1037/law0000238,False admissions of guilt associated with wrongful convictions undermine people's perceptions of exonerees,2020,Psychology Public Policy and Law,14045,true,25931228500,57208643615,true,true,text_assignment
added,85084721629,10.1044/2020_AJSLP-19-00081,Speech-language pathologists’ comfort level with use of term “stuttering” during evaluations,2020,American Journal of Speech Language Pathology,14566,false,16232527900,7003486857,true,true,text_assignment
added,85085114426,10.1016/j.acap.2020.02.025,Does the Narrative Voice Influence Parental Perceptions of Pediatrician Blogs?,2021,Academic Pediatrics,16800154743,true,57190046521,15063097600,true,true,text_assignment
added,85085578835,10.11588/ijodr.2020.1.68071,When dreaming is believing: Extending the findings to favorite celebrities,2020,International Journal of Dream Research,21100201309,false,14068245000,7005820019,true,true,text_assignment
added,85086721004,10.1007/s11199-020-01169-3,How Female Disclosure Recipients React to Women Survivors: The Impact of Rape Acknowledgment and Rejection of Rape Myths,2021,Sex Roles,14798,true,26657684800,57210165801,true,false,
added,85087007669,10.3389/fpsyg.2020.01234,Affective Consequences of Social Comparisons by Women With Breast Cancer: An Experiment,2020,Frontiers in Psychology,21100216571,true,26631880700,57217291740,true,false,
added,85087570804,10.1007/s10608-020-10128-x,Reframing Time Spent Alone: Reappraisal Buffers the Emotional Effects of Isolation,2020,Cognitive Therapy and Research,12887,true,57213558047,7102581294,true,false,
added,85088052428,10.1057/s41299-019-00075-z,Why Spelling Errors Matter: Online Company Reviews and Organizational Attraction,2020,Corporate Reputation Review,17700156775,false,57218145476,57218145420,true,true,text_assignment
added,85088196177,10.1016/j.erap.2016.02.002,Attitudes toward health-messages: The link between perceived attention and subjective strength,2016,Revue Europeenne De Psychologie Appliquee,14121,false,56747705300,6602984345,true,true,text_assignment
added,85089503453,10.1016/j.chb.2020.106520,Who gets the blame for service failures? Attribution of responsibility toward robot versus human service providers and service firms,2020,Computers in Human Behavior,19419,true,57218552221,22955897700,true,true,text_assignment
added,85090124331,10.1080/08870446.2020.1788714,Examining strategies for addressing high levels of ‘I don’t know’ responding to risk perception questions for colorectal cancer and diabetes: an experimental investigation,2021,Psychology and Health,14012,true,7403127682,16068993600,true,false,
added,85090305943,10.1037/rel0000384,The Impact of Diagnosis and Religious Orientation on Mental Illness Stigma,2022,Psychology of Religion and Spirituality,17700156745,true,57191837021,6603848413,true,true,text_assignment
added,85091569655,10.1093/scan/nsaa101,Dorsolateral prefrontal cortex response to negative tweets relates to executive functioning,2020,Social Cognitive and Affective Neuroscience,7000153204,true,56491383100,8940872900,true,true,text_assignment
added,85091829126,10.1177/0733464820960925,Brief Anti-Ageism Messaging Effects on Physical Activity Motivation Among Older Adults,2022,Journal of Applied Gerontology,29195,true,56179914900,57204673992,true,false,
added,85092394321,10.1515/humor-2019-0110,Taking a joke seriously: When does humor affect responses to the slurring of people with intellectual disabilities?,2020,Humor,14980,true,57190239203,57205236889,true,false,
added,85095861402,10.1093/scan/nsaa139,Economic threat heightens conflict detection: SLORETA evidence,2020,Social Cognitive and Affective Neuroscience,7000153204,true,22135546300,57219874700,true,true,text_assignment
added,85096636016,10.1111/bjso.12426,The antidepressant hoax: Conspiracy theories decrease health-seeking intentions,2021,British Journal of Social Psychology,12776,true,57220061471,56414021300,true,true,text_assignment
added,85096891386,10.1080/13811118.2019.1635933,Factors Predicting Intent to Intervene with a Potentially Suicidal Peer,2020,Archives of Suicide Research,12053,true,6603125325,55643220500,true,false,
added,85097178635,10.1080/02701960.2020.1854246,Addressing stereotypes of aging and interest in careers working with older adults through education,2021,Gerontology and Geriatrics Education,29072,false,57162007700,7402774100,true,true,text_assignment
added,85097442525,10.1080/0098261X.2020.1854904,Implicit and Explicit Attitudes Toward Prosecutors and Defense Attorneys,2021,Justice System Journal,28955,true,57220572900,57220572900,true,true,text_assignment
added,85097826636,10.1080/14999013.2020.1860164,Exploring Rater Cultural Bias in Forensic Risk Assessment,2021,International Journal of Forensic Mental Health,21100208035,false,57217238201,55623424000,true,true,text_assignment
added,85098095110,10.1027/1864-1105/a000284,Between a Rock and a Hard Place: The Role of Moral Intuitions and Social Distance in Determining Moral Judgments of an Agent in a Moral Dilemma,2021,Journal of Media Psychology,17700156742,true,57203699392,55650528500,true,true,text_assignment
added,85099284233,10.1007/s11292-020-09451-w,The use of personal protective equipment (PPE) by police during a public health crisis: An experimental test of public perception,2022,Journal of Experimental Criminology,130146,true,57193081269,57221493796,true,true,text_assignment
added,85100523400,10.1111/jasp.12741,Biases and their impact on opinions of transgender bathroom usage,2021,Journal of Applied Social Psychology,15390,true,57194655485,7004484326,true,false,
added,85101391650,10.1080/24732850.2021.1892438,Sensitivity to Psychologically Coercive Interrogations: A Comparison of Instructions and Expert Testimony to Improve Juror Decision-Making,2021,Journal of Forensic Psychology Research and Practice,21100915638,false,56844102700,57222094552,true,true,text_assignment
added,85103342639,10.1016/j.pec.2021.02.030,The effect of physician self-disclosure on patient self-disclosure and patient perceptions of the physician,2021,Patient Education and Counseling,22460,true,57202422996,55962904000,true,true,text_assignment
added,85103390629,10.1016/j.heliyon.2021.e06599,Loss-related mental states impair executive functions in a context of sadness,2021,Heliyon,21100411756,true,25930707000,23994013200,true,true,text_assignment
added,85103823792,10.1371/journal.pone.0249294,The emotion storyboard: A method to examine social judgments of emotion,2021,Plos One,10600153309,true,57210792072,7004988837,true,true,text_assignment
added,85105914411,10.1177/09636625211012630,The effects of media narratives about failures and discoveries in science on beliefs about and support for science,2021,Public Understanding of Science,22370,true,57195994710,7007149707,true,true,text_assignment
added,85108151703,10.3389/fpsyg.2021.581255,Does Health Literacy Make a Difference? Comparing the Effect of Conventional Medicine Versus Homeopathic Prescribing on Treatment Credibility and Expectancy,2021,Frontiers in Psychology,21100216571,true,57192387017,35309962100,true,true,text_assignment
added,85108822591,10.1177/00938548211026956,Trial by Tabloid: Can Implicit Bias Education Reduce Pretrial Publicity Bias?,2022,Criminal Justice and Behavior,19664,true,56844102700,6506309293,true,true,text_assignment
added,85109193602,10.1080/26904586.2020.1826025,“She’s just a bad mother”: Perceptions of failure to protect children in relationships with intimate partner violence,2020,Journal of Family Trauma Child Custody and Child Development,21101050919,false,57195757254,7102571342,true,true,text_assignment
added,85110484359,10.1037/ppm0000218,Seeing is believing: The role of imagery fluency in narrative persuasion through a graphic novel.,2020,Psychology of Popular Media,21101051829,true,36671138800,57204810718,true,true,text_assignment
added,85111747516,10.1037/pha0000486,The discounting of death: Probability discounting of heroin use by fatal overdose likelihood and drug purity.,2021,Experimental and Clinical Psychopharmacology,14144,true,56506680800,57035145100,true,true,text_assignment
added,85114102481,10.1177/10755470211027235,Using a News Article to Convey Climate Science Consensus Information,2021,Science Communication,17449,true,57210835212,7003936520,true,true,text_assignment
added,85117395813,10.1002/rrq.448,At the Heart of Optimal Reading Experiences: Cardiovascular Activity and Flow Experiences in Fiction Reading,2022,Reading Research Quarterly,16055,false,57205060942,26034276000,true,true,text_assignment
added,85117878236,10.1037/spq0000452,Context Matters for Preschool Discipline: Effects of Distance Learning and Pandemic Fears,2021,School Psychology,21100911068,false,57311576200,56672919500,true,true,text_assignment
added,85118216363,10.1080/17439760.2021.1991451,"Women pay a steeper price for arrogance: Examining presentation style, gender, and humility",2023,Journal of Positive Psychology,5800207373,true,57514681000,31067462900,true,true,text_assignment
added,85118882243,10.3389/fpsyg.2018.01317,No Differential Effects of Neural and Psychological Explanations of Psychopathy on Moral Behavior,2018,Frontiers in Psychology,21100216571,true,57193751213,57193745540,true,true,text_assignment
added,85119693391,10.1007/s10865-021-00266-2,Psychological Impact of Ambiguous Health Messages about COVID-19,2022,Journal of Behavioral Medicine,16664,true,57208239097,56412552400,true,true,text_assignment
added,85120921433,10.1371/journal.pone.0260478,Are smokers scared by COVID-19 risk? How fear and comparative optimism influence smokers' intentions to take measures to quit smoking,2021,Plos One,10600153309,true,58147955400,57226616522,true,false,
added,85121753028,10.1080/10926771.2021.2019157,"Exploring the Effects of Perpetrator, Victim, and Participant Gender on Perceptions Related to Sexual Assault",2022,Journal of Aggression Maltreatment and Trauma,15373,true,57384263600,6506172748,true,false,
added,85122503392,10.1111/asap.12286,"Factors influencing mock parole board members: the impact of an incarcerated person's race/ethnicity, conversion while in prison, and mental health status",2022,Analyses of Social Issues and Public Policy,1100147103,true,36337707500,57405470700,true,true,text_assignment
added,85122767845,10.1080/02702711.2021.2020187,The Impact of Knowledge-Building through Conceptually-Coherent Read Alouds on Vocabulary and Comprehension,2022,Reading Psychology,16054,false,36538353700,56166459500,true,false,
added,85122786688,10.1080/10508619.2021.2015890,"Creating Positive, Negative, and Neutral God Concept Primes and Testing Their Impact on Scrupulosity Relevant Tasks and Symptoms",2022,International Journal for the Psychology of Religion,26843,true,57224145712,34768859700,true,true,text_assignment
added,85123252774,10.1007/s12144-021-02432-w,Informal psychology education and the fundamental attribution error: Testing the effectiveness of accessible online passages,2023,Current Psychology,13479,true,57218513220,57421515500,true,false,
added,85123260351,10.1007/s11469-022-00756-7,Opioid Use Stigma: An Examination of Student Attitudes on Harm Reduction Strategies,2022,International Journal of Mental Health and Addiction,4700152495,true,57541952500,7006625081,true,false,
added,85123284003,10.3389/fpsyg.2021.772916,Long-Term Influence of Incidental Emotions on the Emotional Judgment of Neutral Faces,2022,Frontiers in Psychology,21100216571,true,57422909200,57222617631,true,false,
added,85123939802,10.1007/s11145-021-10246-2,Reading in print versus digital media uses different cognitive strategies: evidence from eye movements during science-text reading,2022,Reading and Writing,22281,false,56026231400,56026231400,true,true,text_assignment
added,85123960531,10.1111/jomf.12822,The impact of narratives of the future on fertility intentions in Norway,2022,Journal of Marriage and Family,15653,true,23100398200,23020542700,true,true,text_assignment
added,85124182847,10.1016/j.chb.2022.107229,An experimental investigation of adolescent and young adult responses to stigmatizing and supportive social media posts in response to a depressed peer,2022,Computers in Human Behavior,19419,true,57218371031,7003905753,true,true,text_assignment
added,85124183188,10.1108/JMHTEP-09-2021-0105,Many common presentations of obsessive-compulsive disorder unrecognized by medical providers in a Pacific Island community,2022,Journal of Mental Health Training Education and Practice,21100205991,false,57418932900,57418749300,true,true,text_assignment
added,85124811069,10.1080/1068316X.2022.2038599,Consumers’ response to mass market scam solicitations: profiling scams and responses,2023,Psychology Crime and Law,14027,true,57201680559,56495401400,true,true,text_assignment
added,85125147196,10.1080/15299716.2022.2031367,Sexual Intimate Partner Violence: Effects of Prejudice toward Bisexual and Gay Men on Victim Blame,2021,Journal of Bisexuality,4700152759,false,58537561500,7801538781,true,true,text_assignment
added,85125709953,10.1016/j.appet.2022.105981,Educational interventions and animal consumption: Results from lab and field studies,2022,Appetite,29994,true,24802217500,56600722000,true,true,text_assignment
added,85125925957,10.1177/10790632211062188,Public Perception of Men Who Have Committed Intrafamilial and Extrafamilial Sexual Offences Against Children,2022,Sexual Abuse,21101113286,false,57480362600,50261117400,true,true,text_assignment
added,85127257366,10.1007/s12147-022-09297-8,"Beyond He and She: Does the Singular Use of “They, Them, Their” Function Generically as Inclusive Pronouns for Cisgender Men and Women?",2023,Gender Issues,23636,true,35761878900,57554168100,true,false,
added,85128726755,10.1080/15377938.2022.2054890,"An aversive racism explanation for the influence of race, SES, and race-stereotypical crimes on jury decision biases against East Asian American defendants",2022,Journal of Ethnicity in Criminal Justice,4700152741,false,57611564600,14036670300,true,true,text_assignment
added,85131518792,10.1177/0261927X221105096,Implications of Older Adults’ Attributions for Young Adults’ Attitudes to Aging: A Vignette Study,2023,Journal of Language and Social Psychology,15564,true,35726517600,57185674100,true,true,text_assignment
added,85131722785,10.4148/1944-9771.1252,Money and Betrayal: Perceptions of Alimony Fairness in Relation to Infidelity,2022,Journal of Financial Therapy,21100828655,false,57736222200,57494459500,true,true,text_assignment
added,85131792440,10.1080/00224545.2022.2085543,Does he see what she sees? The gender gap in perceptions of institutional sexism,2024,Journal of Social Psychology,30090,true,54912001600,57220885155,true,true,text_assignment
added,85131840762,10.1016/j.addbeh.2022.107383,Communicating the risks of tobacco and alcohol co-use,2022,Addictive Behaviors,24763,true,56540040200,23499462800,true,true,text_assignment
added,85133464726,10.1080/1068316X.2022.2093871,Can you put a price on 14 years of life? Examining predictors of monetary compensation for exonerees,2024,Psychology Crime and Law,14027,true,46761184000,57213143588,true,true,text_assignment
added,85133509645,10.3389/fpsyg.2022.823147,The Reproducibility Movement in Psychology: Does Researcher Gender Affect How People Perceive Scientists With a Failed Replication?,2022,Frontiers in Psychology,21100216571,true,6603107607,7101785895,true,true,text_assignment
added,85136603563,10.1007/s10834-022-09859-8,"What Matters When Examining Attitudes of Economic Abuse? Gender and Student Status as Predictors of Blaming, Minimizing, and Excusing Economic Abuse",2023,Journal of Family and Economic Issues,15500,true,57857581100,57859732900,true,true,text_assignment
added,85137416481,10.1007/s10803-022-05739-0,Do Autistic People’s Support Needs and Non-Autistic People’s Support for the Neurodiversity Movement Contribute to Heightened Autism Stigma in South Korea vs. the US?,2023,Journal of Autism and Developmental Disorders,22111,true,57197783099,25223193600,true,true,text_assignment
added,85137778566,10.1080/08870446.2022.2119236,Asymmetrical genetic attributions for the presence and absence of health problems,2024,Psychology and Health,14012,true,55211666800,7202547438,true,true,text_assignment
added,85138291407,10.1080/00220973.2022.2110029,The effects of a utility value intervention combined with task relevance instructions,2024,Journal of Experimental Education,21448,true,26767747000,26767747000,true,true,text_assignment
added,85139432789,10.1177/02762366211019782,The Effect of Fantasy Context on Moral Action and Judgment,2022,Imagination Cognition and Personality,21101183485,false,57375953700,24315688500,true,true,text_assignment
added,85142294859,10.1037/tep0000424,Predictors of Therapy Trainees’ Pathologizing and Invalidating Microaggressions With Sexual and Racial Minority Therapy Clients,2023,Training and Education in Professional Psychology,5800179597,true,57972194500,6603654027,true,true,text_assignment
added,85144196764,10.1007/s12144-022-04168-7,Reading struggle stories of role models can improve the perseverance of undergraduates with low perseverance,2023,Current Psychology,13479,true,57337738100,57189256571,true,false,
added,85144480113,10.1027/1864-1105/a000368,Using Health Intervention Messages to Reduce Intentions to Spend Time on Social Networks,2023,Journal of Media Psychology,17700156742,true,57216859194,7003827326,true,true,text_assignment
added,85144506657,10.1177/13684302221098009,Villains or vermin? The differential effects of criminal and animal rhetoric on immigrant cardiovascular responses,2022,Group Processes and Intergroup Relations,14946,true,57200878902,6701735576,true,true,text_assignment
added,85146270142,10.1016/j.ijintrel.2023.101759,Acculturation preferences and perceived (dis)loyalty of Muslims in the U.K.: Two vignette-based experimental studies,2023,International Journal of Intercultural Relations,15496,true,56509214500,6603745808,true,false,
added,85146299197,10.1027/2512-8442/a000125,What Is the Benefit of Adding Placebo Side-Effect Information to Positively Framed Patient Leaflets?: An Online Trial,2023,European Journal of Health Psychology,21100987402,false,57219122422,57192089874,true,true,text_assignment
added,85147000889,10.1037/sah0000432,Stigmatization of Anorexia Nervosa Versus Atypical Anorexia Nervosa: An Experimental Study,2023,Stigma and Health,21101042149,true,57222672373,8551353900,true,false,
added,85147294804,10.1080/03601277.2023.2172537,Encouraging older adults to use assistive devices: The role of politeness theory,2023,Educational Gerontology,28673,true,58088669200,26436115900,true,true,text_assignment
added,85147515146,10.1111/jasp.12964,"If they rise, will we fall? Social identity uncertainty and preference for collective victimhood rhetoric",2023,Journal of Applied Social Psychology,15390,true,57190579786,7006277794,true,true,text_assignment
added,85147676432,10.1037/stl0000308,"Can You Judge a Book by Its Modality? An Experimental Comparison of Reading and Test Performance Across a Print, Electronic, or Interactive Introduction to Psychology Textbook Assignment",2022,Scholarship of Teaching and Learning in Psychology,21101077288,true,7004030582,57214877336,true,true,text_assignment
added,85148610405,10.1037/sah0000431,What You Don’t Expect When You’re Expecting: Demonstrating Stigma Against Women With Postpartum Psychological Disorders,2023,Stigma and Health,21101042149,true,15049869200,15842064300,true,true,text_assignment
added,85158121671,10.3389/feduc.2023.1112804,The effects of text structure on students’ use of comprehension strategies and cognitive outcomes during science text processing,2023,Frontiers in Education,21100935978,true,56502419400,55882820500,true,false,
added,85159361979,10.1037/tmb0000044,Improving the Acceptability of Internet-Based Cognitive-Behavioral Therapy Among Black Americans,2021,Technology Mind and Behavior,21101185419,true,57943713200,7404424769,true,false,
added,85161559225,10.1080/1068316X.2023.2220870,Perceptions of crime severity and stigma toward family members grieving the loss of a person to incarceration,2024,Psychology Crime and Law,14027,true,57291082300,57189360452,true,true,text_assignment
added,85162651744,10.1080/00224545.2023.2216880,Leveraging impression management motives to increase the use of face masks,2024,Journal of Social Psychology,30090,true,57878506200,7102729349,true,true,text_assignment
added,85165028974,10.1007/s12144-023-04971-w,Cheap shots: victim blaming in the context of COVID-19,2024,Current Psychology,13479,true,57223181149,30867492000,true,true,text_assignment
added,85165482431,,Racialized Self-Defense: Effects of Race Salience on Perceptions of Fear and Reasonableness,2022,Columbia Journal of Law and Social Problems,13131,false,57365804700,57365804700,true,true,text_assignment
added,85165990359,10.1016/j.langsci.2023.101562,Students’ perception of an instructor: The effects of instructor accommodation to student swearing,2023,Language Sciences,23166,false,57212307350,9636777800,true,true,text_assignment
added,85166557492,10.1017/langcog.2023.30,Does reading about fictional minds make us more curious about real ones?,2024,Language and Cognition,19700170244,false,57202916416,8736057300,true,true,text_assignment
added,85166962743,10.1007/s00127-023-02543-8,Associations of continuum beliefs with personality disorder stigma: correlational and experimental evidence,2024,Social Psychiatry and Psychiatric Epidemiology,19841,true,57211602419,7004153750,true,true,text_assignment
added,85168497728,10.1016/j.foodqual.2023.104959,Knowledge of an insect pest negatively affects sensory perception and emotional response to blueberries,2023,Food Quality and Preference,23161,true,56973435400,56463822700,true,true,text_assignment
added,85169326370,10.1002/symb.668,The Power of a : Emojis Reducing Ambiguity in Digitally Mediated Romantic Encounters,2023,Symbolic Interaction,26619,true,57190379998,57190379998,true,false,
added,85170263404,10.1037/sah0000471,Mental illness stigma and microaggressions: An experimental study of familiarity and relationship quality.,2025,Stigma and Health,21101042149,true,58022859000,7006625081,true,false,
added,85170844084,10.1177/00936502231198551,Affective Responses to Counter-Attitudinal Testimonials Drive Persuasive Effects: The Case of Physician-Assisted Suicide,2025,Communication Research,17649,true,57208579927,14834132200,true,true,text_assignment
added,85171265737,10.3758/s13423-023-02349-4,Conceptual overlap among texts impedes comprehension monitoring,2024,Psychonomic Bulletin and Review,14062,true,57463554500,7202816237,true,true,text_assignment
added,85171295847,10.1177/00938548231195112,A Forensic Science Informational Video Can Help Mock Jurors Evaluate Forensic Expert Testimony,2023,Criminal Justice and Behavior,19664,true,58577425700,6507348904,true,true,text_assignment
added,85172081356,10.3390/socsci10080308,"“If You Don’t Speak English, I Can’t Understand You!”: Exposure to Various Foreign Languages as a Threat",2021,Social Sciences,21100810500,true,57200645793,8213303300,true,false,
added,85172711334,10.1007/s12529-022-10137-y,Are Fear Campaigns Effective for Increasing Adherence to COVID-Related Mitigation Measures?,2023,International Journal of Behavioral Medicine,14873,true,57468586700,57979215100,true,true,text_assignment
added,85173465973,10.1016/j.pec.2023.107988,Effects of exposure to media messages about limiting breast cancer screening: A qualitative experimental study,2023,Patient Education and Counseling,22460,true,57216651585,7801629573,true,false,
added,85174752367,10.1027/1618-3169/a000585,The Effects of Implicit Theories on Body Weight Information Avoidance,2023,Experimental Psychology,14145,false,55694770000,7006702063,true,true,text_assignment
added,85181466985,10.1007/s11195-023-09829-4,Impression Formation Following Self-disclosure of an Invisible (Non-apparent) Disability to a Romantic Partner,2024,Sexuality and Disability,18886,false,57217180643,57211366341,true,false,
added,85184196386,10.1080/02640414.2024.2307757,The meta-cognitive role of thought morality in attitude change and behavioural intentions related to doping,2023,Journal of Sports Sciences,21090,true,8963173700,58504300600,true,true,text_assignment
added,85185449095,10.1111/jasp.13024,Mothers of transgender youth experience stigma-by-association,2024,Journal of Applied Social Psychology,15390,true,15842064300,15058037500,true,true,text_assignment
added,85185925293,10.1177/08862605241234350,"Bystander Intervention in Coercive Control: Do Relationship to the Victim, Bystander Gender, and Concerns Influence Willingness to Intervene?",2024,Journal of Interpersonal Violence,20374,true,58906661000,55857123200,true,true,text_assignment
added,85185931160,10.1037/cdp0000630,Examining the Effects of Genetic Ancestry Information on Appraisals of Contested Racial Identities,2023,Cultural Diversity and Ethnic Minority Psychology,14230,true,57219239099,7005655001,true,true,text_assignment
added,85186612070,10.1080/20445911.2024.2321192,When more is more: effect of context and stimulus set size on orthographic learning,2024,Journal of Cognitive Psychology,19900192026,false,56865277200,8671782200,true,true,text_assignment
added,85188180691,10.1093/geront/gnad093,"Effects of Alzheimer's Diagnosis and Gender on Ageist Attitudes, Aging Anxiety, and Emotional Reactions to Older Adults",2024,Gerontologist,29070,true,6508187138,57189852669,true,false,
added,85189142325,10.1038/s41366-024-01516-4,The effect of GLP-1 receptor agonist use on negative evaluations of women with higher and lower body weight,2024,International Journal of Obesity,12697,true,57960134700,23006054100,true,false,
added,85189179965,10.1016/j.foodqual.2024.105180,Knowledge of traditional insect consumption impacts sensory perception and emotional responses to cookies containing crickets,2024,Food Quality and Preference,23161,true,57411933300,56463822700,true,true,text_assignment
added,85189362817,10.1037/sah0000520,Identifying the Trajectory of Public Stigma Across the Stages of Recovery From a Substance Use Disorder,2024,Stigma and Health,21101042149,true,58968168100,35234631900,true,true,text_assignment
added,85190142398,10.1037/stl0000376,A “mindful” approach to inclusive education.,2023,Scholarship of Teaching and Learning in Psychology,21101077288,true,7202178627,59166851600,true,false,
added,85191804043,10.1108/EDI-11-2022-0332,"Allyship against interpersonal pregnancy discrimination: exploring observers’ spontaneous responses toward pregnancy self-disclosure, interpersonal discrimination and male allyship",2024,Equality Diversity and Inclusion,19900191744,true,57203888865,57646321000,true,false,
added,85193916475,10.1007/s11292-024-09621-0,Beyond police apologies: Concrete plans of action increase the public’s willingness to cooperate with police,2025,Journal of Experimental Criminology,130146,true,57196590684,56973588700,true,false,
added,85194913763,10.4148/1944-9771.1337,Divorced From Knowledge: Perceptions of Alimony Fairness in Relation to Educational Discrepancies,2024,Journal of Financial Therapy,21100828655,false,57494459500,57736222200,true,true,text_assignment
added,85197442398,10.1037/vio0000494,When High Right-Wing Authoritarians Report Elevated Empathy Toward a Black Woman Victim of Police Violence: “Inclusive Victimhood Consciousness” From Police Mistreatment Experiences,2024,Psychology of Violence,19700186336,true,55494658800,26041176700,true,false,
added,85199810955,10.3390/antibiotics13070657,Testing Different Message Styles about Unnecessary Antibiotics Using an Online Platform,2024,Antibiotics,21100469670,false,57290136700,35549518300,true,true,text_assignment
added,85203498995,10.1080/00224499.2024.2395481,Similar Employment of Coercion Strategies by Men and Women: Links Between Conformity to Traditional Masculine Ideologies and Sexual Coercion Following Sexual Rejection,2025,Journal of Sex Research,30084,true,58775993300,57195353740,true,false,
added,85203534762,10.1080/10503307.2024.2398085,Evaluation of male-specific psychoeducation for major depressive disorder compared to cognitive behavioral therapy psychoeducation: A randomized controlled investigation in mentally distressed men,2025,Psychotherapy Research,14080,false,57191273607,57224776494,true,false,
added,85204155636,10.1177/14648849241284575,Behind the black box: The moderating role of the machine heuristic on the effect of transparency information about automated journalism on hostile media bias perception,2026,Journalism,5700176815,true,57861423000,57195994710,true,true,text_assignment
added,85204484942,10.1111/asap.12428,"Attitudes on affirmative action targeted to help Black and Hispanic individuals: The roles of knowledge, race, and perceived discrimination",2024,Analyses of Social Issues and Public Policy,1100147103,true,59335539200,55940706500,true,true,text_assignment
added,85208662406,10.1016/j.eatbeh.2024.101930,Using stereotype violation to shift causal understanding and attitudes about weight,2024,Eating Behaviors,13545,true,23006054100,57219272948,true,true,text_assignment
added,85209634086,10.1093/abm/kaae063,Exposure to GLP-1 Receptor Agonist and Bariatric Surgery Use on Obesity Policy Support,2024,Annals of Behavioral Medicine,27473,true,57960134700,23006054100,true,false,
added,85209904852,10.1080/19419899.2024.2429764,"Predictors of perceptions toward blaming the victim, excusing the perpetrator, and supporting the victim in intimate partner violence scenarios involving transgender women",2025,Psychology and Sexuality,19700187621,true,57857581100,55929101500,true,true,text_assignment
added,85212188197,10.1037/aca0000724,Creative Mindset Induction Affects Beliefs but Not Creative Task Performance,2024,Psychology of Aesthetics Creativity and the Arts,19500156812,true,49863733900,14422516800,true,true,text_assignment
added,85213223088,10.1037/aca0000721,"Measuring Storyworld Possible Selves in Depression Stories: Linguistic Features, Personal Relevance, and the Narrative Experience",2024,Psychology of Aesthetics Creativity and the Arts,19500156812,true,58242145600,56165925200,true,true,text_assignment
added,85215526844,10.3389/fspor.2024.1472880,"Pre-service teachers' perceptions of physical, socioemotional and cognitive traits in gifted students: unveiling bias?",2024,Frontiers in Sports and Active Living,21101063028,true,17433935900,36634613500,true,false,
added,85216251753,10.1016/j.pec.2025.108652,Examining the impact of identity-safety cues on inclusion for adults with higher body weights in healthcare settings,2025,Patient Education and Counseling,22460,true,57207357396,59531149200,true,false,
added,85217506639,10.1016/j.mhp.2025.200406,"Population-level mental health literacy: A vignette-based study on prejudice, sexism, and recognition in prevention strategies for social anxiety in Ghana",2025,Mental Health and Prevention,21100265182,true,57224973204,24587727700,true,true,text_assignment
added,85218201037,10.1080/10640266.2025.2465153,The impact of patient weight on US mental health providers’ diagnosis of bulimia nervosa,2026,Eating Disorders,13547,false,58109539800,37461895000,true,true,text_assignment
added,85218748893,10.1037/pac0000795,"Who Deserves Access to Basic Human Rights? Incarceration, Illegal Acts, and Inferences About Deservingness",2025,Peace and Conflict,12793,true,55449751200,7402882449,true,true,text_assignment
added,105000417315,10.1111/risa.17713,A new hope or phantom menace? Exploring climate emotions and public support for climate interventions across 30 countries,2025,Risk Analysis,26372,true,57192099710,9333655700,true,false,
added,105000748965,10.1093/pnasnexus/pgaf071,The effect of uncertainty communication on public trust depends on belief–evidence consistency,2025,Pnas Nexus,21101186976,true,58917048800,56580288300,true,true,text_assignment
added,105001077106,10.1111/pops.13008,Bearing the burden of peace: Intergroup attribution bias and public support for peace provisions,2025,Political Psychology,22861,true,57190861198,57188590875,true,true,survey_wording
added,105001684749,10.1093/abm/kaaf018,"Weight loss advice from a healthcare provider is motivating, but it is also stigmatizing: an experimental, scenario-based approach",2025,Annals of Behavioral Medicine,27473,true,56966522700,7101879250,true,true,text_assignment
added,105001849546,10.1080/1553118X.2024.2435494,Generating Credibility in Crisis: Will an AI-Scripted Response Be Accepted?,2025,International Journal of Strategic Communication,19700187619,true,57205240520,57760709600,true,true,text_assignment
added,105002055970,10.1037/ppm0000525,The Effect of Types of Language Mistakes on the Persuasiveness of User-Generated Content on Facebook,2024,Psychology of Popular Media,21101051829,true,58094525100,17436116600,true,true,text_assignment
added,105002062900,10.1093/sw/swaf005,Social Workers’ Attitudes and Beliefs about MDMA-Assisted Therapy for Adolescents with PTSD,2025,Social Work United States,19600163400,true,57211443493,57957941500,true,false,
added,105003748486,10.1177/0261927X251323987,Restoring Ingroup Status and Glory: Essentialism as Ingroup Preservation When Collective Victimhood Narratives Are Endorsed,2025,Journal of Language and Social Psychology,15564,true,57190579786,7006277794,true,true,text_assignment
added,105003868460,10.1007/s40519-025-01748-x,The impact of weight and race on perceptions of anorexia nervosa: a replication and extension of Varnado-Sullivan et al. (2020),2025,Eating and Weight Disorders,15460,true,57475843400,55468087900,true,true,text_assignment
added,105006703197,10.3389/fspor.2025.1564917,Promoting physical activity: the contribution of regulatory fit,2025,Frontiers in Sports and Active Living,21101063028,true,58070040400,56190916500,true,true,text_assignment
added,105007045543,10.1080/00918369.2025.2512114,The Impact of Sex and Type of Sexual Behavior on Judgments of Hypothetical Men’s and Women’s Sexuality: A Comparison Between Mixed-Sex Threesomes and Dyadic Sexual Behaviors,2026,Journal of Homosexuality,29972,true,55991531900,25633126600,true,false,
added,105007428042,10.1177/08862605251343200,The Effectiveness of Affirmative Sexual Consent Cues,2026,Journal of Interpersonal Violence,20374,true,59931572900,6603442685,true,true,text_assignment
added,105009311034,10.3390/obesities5020041,Anti-Fat Attitudes Towards Weight Gain Caused by the COVID-19 Pandemic or by “Unhealthy” Lifestyle Choices,2025,Obesities,21101272840,false,59965907500,7101728079,true,true,text_assignment
added,105011671586,10.3390/bs15070844,Perceptions of Multiple Perpetrator Rape in the Courtroom,2025,Behavioral Sciences,21100901748,true,57214361851,59505081600,true,false,
added,105011764744,10.1016/j.jenvp.2025.102700,Visions of Tomorrow: Emotional drivers of climate change mitigation and adaptation intentions,2025,Journal of Environmental Psychology,15470,true,56554146700,23975387900,true,true,text_assignment
added,105012379021,10.1111/asap.70019,The indirect moderating effects of racial bias in the context of abortion attitudes and mock healthcare delivery decisions,2025,Analyses of Social Issues and Public Policy,1100147103,true,56490079600,55246652200,true,true,text_assignment
added,105014267856,10.1080/15205436.2025.2547864,Losing the Plot: Transportation as a Predictor of Engagement with Misinformation,2025,Mass Communication and Society,5600153585,true,57218438444,8768847400,true,true,text_assignment
added,105014822807,10.1017/jmo.2025.10048,"If you take care of me, I’ll take care of you: The mutual gains of parental support for employee and organizational well-being",2025,Journal of Management and Organization,11700154614,false,57191965838,56644271800,true,true,text_assignment
added,105015555409,10.1111/jopy.70020,What Do We Think of Shy Adults? Influence of One's Own Shyness and Sociability,2026,Journal of Personality,30022,true,58772499200,57201338044,true,false,
added,105016736013,10.1177/14999013251366447,Canadians’ Attitudes Toward Community Reintegration of Those with a Mental Health Disorder Who Have Committed a Sexual Offense,2025,International Journal of Forensic Mental Health,21100208035,false,58722784500,25422655000,true,true,text_assignment
added,105017446375,10.3390/bs15091277,Justice at Risk? The Influence of Recidivism Risk Information on Evaluation of Evidence and Determination of Guilt,2025,Behavioral Sciences,21100901748,true,57216690234,24169457100,true,true,text_assignment
added,105018320427,10.1044/2025_LSHSS-24-00133,Using a Refutation Text to Improve School-Based Speech-Language Pathologists’ Knowledge of Dyslexia,2025,Language Speech and Hearing Services in Schools,13798,false,56684767200,57997996000,true,false,
added,105019097053,10.54899/ijpr.v19i2.627,Does Disadvantage Protect Self-Esteem? The Effect of Causal Attribution in Japan and the United States Running Head: Effect of Disadvantage on Self-Esteem,2025,Interpersona,21100790313,false,57219927042,57219927042,true,true,text_assignment
added,105020738167,10.1080/1068316X.2025.2581083,Juror perceptions of rape involving Rohypnol,2025,Psychology Crime and Law,14027,true,57214361851,60175228400,true,true,text_assignment
added,105022821634,10.1177/00986283251397625,"Syllabus Tone but not Faculty Gender Influences Student Perceptions of Faculty Competence, the Classroom Environment, and Belongingness",2026,Teaching of Psychology,15320,true,56003681600,35280130900,true,true,text_assignment
added,105023697198,10.3389/fcomm.2025.1590787,How evidence conflict affects willingness to avoid health information: from the perspective of compensatory control theory,2025,Frontiers in Communication,21101061926,true,59205569600,57205261527,true,true,text_assignment
added,105024008227,10.1057/s41599-025-06341-2,"I, ChatGPT: linguistic properties and human experiences of human- versus AI-generated stories",2025,Humanities and Social Sciences Communications,21101018925,true,18036495700,57826085200,true,true,text_assignment
added,105024864456,10.1016/j.poetic.2025.102061,Reading fiction about refugee children: Contact via narrative engagement improves attitudes towards immigration,2025,Poetics,17409,true,56739899300,56739899300,true,true,text_assignment
added,105025660902,10.1016/j.crbeha.2025.100201,The perfect storm: Exploring the impact of teaching styles on perfectionism and anxiety,2026,Current Research in Behavioral Sciences,21101081716,true,60252771500,21735642400,true,true,text_assignment
added,105026673321,10.1017/S0007123425101166,"Gendered Political Contexts, Emotions, and Engagement: A Case Study of the 2016 US Presidential Election",2025,British Journal of Political Science,16232,true,57211582039,57213148079,true,true,text_assignment
added,105026828013,10.1080/10720162.2025.2604021,The Double Standard of Stigma: Gender and Compulsive Sexual Behaviour,2026,Sexual Health and Compulsivity,21101089135,false,57214236004,56160532300,true,true,text_assignment
added,105027115552,10.1057/s41599-025-06291-9,Content compensation design for older adults’ perceived health information comprehension based on large language models: a random experiment in China,2026,Humanities and Social Sciences Communications,21101018925,true,57776757000,57190666662,true,true,text_assignment
added,105029045211,10.1016/j.ssaho.2026.102519,Smiling at self on Zoom: The role of positive mood in mitigating mirror anxiety and Zoom fatigue,2026,Social Sciences and Humanities Open,21101142603,true,60365043700,60365043700,true,true,text_assignment
added,105029576009,10.1055/a-2786-0717,Usability of Augmented Reality Head Mounted Displays (AR HMD) for Reading Studies,2026,Klinische Monatsblatter Fur Augenheilkunde,14519,false,60375055400,24473251600,true,true,text_assignment
added,105029952790,10.1177/00332941261423111,Mitigating Selective Exposure to Information via Accuracy and Defense Focused Messages,2026,Psychological Reports,13465,true,26433156200,7003827326,true,true,text_assignment
added,105030722444,10.1002/bsl.70050,Effect of Rape Myth Acceptance and Empathy Priming on Juror Decisions in a Mock Sexual Assault Trial,2026,Behavioral Sciences and the Law,12123,true,55092540300,60409704300,true,true,text_assignment
added,105031155926,10.1002/jcad.70031,Counselors’ Perceptions of a Peer Who Had a Client Die by Suicide: A Randomized Controlled Study,2026,Journal of Counseling and Development,15451,true,57210219515,60417270700,true,true,text_assignment
added,105032149831,,The Influence of Context on the Processing Fluency of the Album Trout Mask Replica,2026,North American Journal of Psychology,3900148501,false,60439294800,6507596835,true,true,text_assignment
added,105032208735,10.1016/j.ijintrel.2026.102410,How economic threat shapes contact intentions toward refugees: The buffering role of religion-based superordinate identity and moral emotions,2026,International Journal of Intercultural Relations,15496,true,57212756543,57208102749,true,true,text_assignment
added,105032702869,10.2196/71280,"Investigating the Impact of Lived Experience Stories on Self-Harm, Mood, and Help-Seeking Intentions: Web-Based Between-Participants Experimental Study in Individuals With Recent Self-Harm",2026,Jmir Human Factors,21101021458,false,57205643344,51864328900,true,true,text_assignment
added,105034023681,10.1177/21522715261423989,Not All Mistakes Are Judged Alike: Error Severity and the Evaluation of Human Drivers and Autonomous Driving Systems,2026,Cyberpsychology Behavior and Social Networking,19700176047,true,60071688700,60535111100,true,true,text_assignment
added,105034156845,10.1037/stl0000461,Conflating competence with confidence: Student perceptions of a professor with imposter phenomenon.,2026,Scholarship of Teaching and Learning in Psychology,21101077288,true,57223347743,57223347743,true,true,text_assignment
added,105034525546,10.3389/fpsyg.2026.1766694,Implicit theories of anxious and regulated shyness in American and Chinese children,2026,Frontiers in Psychology,21100216571,true,7406453167,60549616200,true,false,
added,105034981092,10.1093/geronb/gbag031,Effects of caregiving experience on expectations of becoming an Alzheimer’s disease caregiver in the future,2026,Journals of Gerontology Series B Psychological Sciences and Social Sciences,29561,true,23971913700,7005186641,true,false,
added,105037129797,10.1177/25152459261434559,Can Results-Blind Selection Improve Science Communication?,2026,Advances in Methods and Practices in Psychological Science,21101046404,true,36198893200,56208883300,true,true,text_assignment
added,105037907657,10.1177/03616843261437756,"Abortion Stigma and Dehumanization as Reproductive Control: The Roles of Sexual Objectification, Abortion Circumstance, and Sexism",2026,Psychology of Women Quarterly,14035,true,35764997600,57205715549,true,true,text_assignment
added,105038135574,10.1080/16066359.2026.2665616,"Framing addiction as a compulsive brain disease lowers readiness to change addictive behavior in alcohol consumers, in two exploratory experiments",2026,Addiction Research and Theory,24759,true,57223349711,8713572600,true,false,
added,105040388615,10.1177/21674795261457386,Perceptions of Bandwagon and Hardcore Sport Fans,2026,Communication and Sport,21100830505,true,8269742900,44061911700,true,true,text_assignment
added,105042477032,10.1177/10556656261455305,Facing Empathy: Reducing Facial-Differences Bias Through a Story,2026,Cleft Palate Craniofacial Journal,21036,false,51261036800,14324547700,true,true,text_assignment
added,105043697009,10.1002/hfm.70052,The Paradox of Safety Communication: The Effect of Communication Framing on Psychological Safety and Reporting Intention in Organizations,2026,Human Factors and Ergonomics in Manufacturing and Service Industries,21101229244,false,59920068600,57221205373,true,true,text_assignment
added,105043848725,10.1016/j.chb.2026.109095,Online consent misread: A mixed-method study on (cyber)rape culture's influence on sexual consent perceptions and responses to unsolicited genital images,2026,Computers in Human Behavior,19419,true,58029682600,8959937600,true,true,text_assignment
added,105045022239,10.1093/geronb/gbag106,Age and framing effects on decision making related to advance care planning,2026,Journals of Gerontology Series B Psychological Sciences and Social Sciences,29561,true,58094319900,8442337500,true,false,
added,105045306961,10.1037/pspa0000489,Morality cut both ways: The role of cognition and emotion in attitude moralization and demoralization,2026,Journal of Personality and Social Psychology,30039,true,57226007731,6701806872,true,true,text_assignment
added,105045387907,10.1111/lcrp.70053,Human and AI judgements of restorative responses to sexual abuse: The role of perceived severity,2026,Legal and Criminological Psychology,12042,false,57193933329,57202911639,true,true,text_assignment
added,105045777717,10.24072/pcjournal.757,Rebels or Racists? Beliefs about the Confederate Flag’s Symbolism and Discrimination,2026,Peer Community Journal,21101230650,false,42861930700,60757987400,true,false,
added,105046868270,10.3389/fpubh.2026.1909370,Prompt engineering a large language model with evidence-based persuasive features to improve confidence in mental health professionals: a pilot randomized experiment,2026,Frontiers in Public Health,21100798718,true,60053973600,60782127400,true,true,text_assignment
removed,79952662896,10.1093/poq/nfq075,Measuring Americans' issue priorities: A new version of the most important problem question reveals more concern about global warming and the environment,2011,Public Opinion Quarterly,23574,true,27468015800,23092247100,true,false,
removed,80054939891,10.1017/S1049096511001247,Are financial or moral scandals worse? It depends,2011,PS Political Science and Politics,22197,true,35745930100,55740685400,true,false,
removed,84858190729,10.1093/poq/nfr066,"Does mentioning "" some people "" and ""other people"" in an opinion question improve measurement quality?",2012,Public Opinion Quarterly,23574,true,27468015800,7003284799,true,false,
removed,84938819185,10.1177/0010414015581681,Preferences for Inter-Regional Redistribution,2015,Comparative Political Studies,13447,true,36196237600,55752852700,true,false,
removed,85014649599,10.1111/ajps.12298,Mobilizing the Public Against the President: Congress and the Political Costs of Unilateral Action,2017,American Journal of Political Science,15555,true,16308652800,12767146800,true,false,
removed,85020961104,10.1093/isq/sqv024,"Selecting partner countries for preferential trade agreements: Experimental evidence from Costa Rica, Nicaragua, and Vietnam",2016,International Studies Quarterly,25848,true,36676605900,56951048600,true,false,
removed,85026401204,10.1080/1369118X.2017.1356861,The effect of comment moderation on perceived bias in science news,2019,Information Communication and Society,200147110,true,55540601100,7003914850,true,false,
removed,85032820440,10.1215/03616878-4193606,Partisan responses to public health messages: Motivated reasoning and sugary drink taxes,2017,Journal of Health Politics Policy and Law,15931,true,7801629573,16029149900,true,false,
removed,85079468153,10.1080/07418825.2019.1707857,Punishing Rampage: Public Opinion on Sanctions for School Shooters,2022,Justice Quarterly,20388,true,57214893059,7004231413,true,false,
removed,85106381843,10.1073/pnas.2103000118,The unintended consequences of US immigration enforcement policies,2021,Proceedings of the National Academy of Sciences of the United States of America,21121,true,36907845700,36907845700,true,false,
removed,85108111282,10.1017/S0003055421000447,Executive Power in Crisis,2021,American Political Science Review,15557,true,56376973500,55326498000,true,false,
removed,85146041280,10.1016/j.econedurev.2022.102349,Teachers’ willingness to pay for retirement benefits: A national stated preferences experiment,2023,Economics of Education Review,19692,true,57225217006,6505942728,true,false,
removed,85159616043,10.1093/poq/nfac043,"Economic Inequality, the Working Poor, and Belief in the American Dream",2022,Public Opinion Quarterly,23574,true,55364149100,55364149100,true,false,
removed,85193680684,10.1093/poq/nfae005,Fear and Loathing: How Demographic Change Affects Support for Christian Nationalism,2024,Public Opinion Quarterly,23574,true,58237211700,6603809525,true,false,
removed,85204155373,10.1007/s11109-024-09971-5,Countering Authoritarian Behavior in Democracies,2025,Political Behavior,22832,true,9634821200,55887301800,true,false,
removed,85208680176,10.1017/S0020818324000274,The Laws of War and Public Support for Foreign Combatants,2024,International Organization,39139,true,55062452100,24554597700,true,false,
removed,85212713833,10.1371/journal.pntd.0012676,Combating climate-induced health threats through Co-Constitutive Risk (CCR) Messaging: A One Health Communication approach,2024,Plos Neglected Tropical Diseases,11900154404,false,50461765700,57200447460,true,false,
removed,86000383692,10.1080/13510347.2024.2362256,"Remembering the counterrevolution: disappointment, denial, and demobilization",2025,Democratization,24034,true,56886620800,55201287000,true,false,
removed,105046286365,10.1177/10659129261470544,Infelicitous Political Talk: Disparaging Institutions and Support for Democracy,2026,Political Research Quarterly,22867,true,7403389716,55222268200,true,false,
additional_embedded_variant,84916886381,10.1007/s10584-014-1286-x,The American public’s preference for preparation for the possible effects of global warming: impact of communication strategies,2015,Climatic Change,12177,true,55542832200,56435704200,true,true,additional_embedded_variants
additional_embedded_variant,84942121915,10.1093/pan/mpu010,Measure for measure: An experimental test of online political media exposure,2015,Political Analysis,145558,true,56589876800,56589876800,true,true,additional_embedded_variants
additional_embedded_variant,84958036075,10.1080/10584609.2015.1133745,The Impact of News Photos on Support for Military Action,2016,Political Communication,22838,true,6701480135,16305242700,true,true,additional_embedded_variants
additional_embedded_variant,84974777792,10.1007/s10447-016-9266-7,Interest in the Teaching Alliance and its Associations with Multicultural Counseling Education among a Sample of Students in the United States,2016,International Journal for the Advancement of Counselling,12062,false,43061059700,43061411200,true,true,additional_embedded_variants
additional_embedded_variant,84994627425,10.1017/S0003055416000551,Do voters dislike working-class candidates? Voter biases and the descriptive underrepresentation of the working class,2016,American Political Science Review,15557,true,54925873500,32167599700,true,true,additional_embedded_variants
additional_embedded_variant,85019387475,10.3168/jds.2016-12285,Farmers' preferences for automatic lameness-detection systems in dairy cattle,2017,Journal of Dairy Science,32795,false,56960614900,15849766700,true,true,additional_embedded_variants
additional_embedded_variant,85027866320,10.3390/w9080621,"River water quality: who cares, how much and why?",2017,Water Switzerland,21100255400,true,36169773900,7005934781,true,true,additional_embedded_variants
additional_embedded_variant,85076705295,10.1086/705741,Human rights and public support for war,2020,Journal of Politics,20333,true,6505910383,55930371600,true,false,
additional_embedded_variant,85089179951,10.1177/1940161220947321,What Makes News Newsworthy: An Experimental Test of Where a News Story Is Published (or Not) and Its Perceived Newsworthiness,2021,International Journal of Press Politics,10300153306,true,36994503500,36994503500,true,true,additional_embedded_variants
additional_embedded_variant,85150872242,10.1038/s41591-023-02282-y,Determinants of COVID-19 vaccine fatigue,2023,Nature Medicine,15819,true,7004321698,56166057300,true,true,additional_embedded_variants
additional_embedded_variant,105003936920,10.1093/poq/nfae050,Asking about Complex Policies,2024,Public Opinion Quarterly,23574,true,55780273000,56465449000,true,true,additional_embedded_variants
additional_embedded_variant,105025642505,10.1016/j.retrec.2025.101677,Navigating haze: Assessing the effect of transboundary haze on households’ choice of transportation mode during the school run,2025,Research in Transportation Economics,4100151536,false,60253363900,60252268400,true,true,additional_embedded_variants
additional_embedded_variant,105029104671,10.1016/j.actpsy.2026.106394,Economic valuation of psychological processes: Examining healthcare decision-making in chronic disease management,2026,Acta Psychologica,29424,true,57225023407,56358147800,true,true,additional_embedded_variants
additional_embedded_variant,105043028269,10.1016/j.vhri.2026.101663,Japanese Encephalitis Vaccine Preferences and Uptake in Western Travelers and Locals: Strategies to Enhance Vaccine Uptake,2026,Value in Health Regional Issues,21100218529,false,57224098692,56100156600,true,true,additional_embedded_variants
