authid,name,n_articles,n_us_articles,n_us_explicit,n_us_inferred,n_non_us,n_unclear,n_unreviewed,n_not_applicable,n_us_upper,n_reviewed,annotation_coverage,resolved_geography_coverage,n_geography_conflicts,n_mixed_country_us_articles,article_ids,scope,count_interpretation,us_competition_rank,us_display_position,all_competition_rank
12767146800,Douglas L. Kriner,21,19,8,11,2,0,0,0,19,21,1.0,1.0,0,0,105042603565|84870179613|84897075398|84907224950|84946070200|84978906427|84995578409|85014593137|85014649599|85014922403|85040085886|85041625323|85073310147|85094221120|85096943476|85099406266|85125698803|85127254828|85127581823|85136722514|85179678265,fixed_author_comparison_pool_120,"query-candidate articles with reviewed US sample evidence; unresolved upper counts are scenarios, not confidence intervals",1,1,2
6602110388,Thomas Bernauer,33,14,13,1,19,0,0,0,14,33,1.0,1.0,0,11,105006801172|105034645576|105037769935|105043534448|84878013138|84938946159|84975459634|84975789795|84992341283|85003864913|85016025310|85062085474|85064636420|85067680513|85082430134|85083863861|85103645348|85104056574|85104712462|85112464435|85120781136|85124196620|85124455446|85141374427|85159235309|85159334579|85159582567|85179742651|85182577401|85187132462|85202949339|85203879255|85206976729,fixed_author_comparison_pool_120,"query-candidate articles with reviewed US sample evidence; unresolved upper counts are scenarios, not confidence intervals",2,2,1
7102611306,Christine Horne,14,12,8,4,2,0,0,0,12,14,1.0,1.0,0,0,105042428497|84878482584|84921455919|85053509639|85058618008|85058698012|85074603977|85085764776|85103905289|85111820523|85111834004|85133863087|85207005517|86000296951,fixed_author_comparison_pool_120,"query-candidate articles with reviewed US sample evidence; unresolved upper counts are scenarios, not confidence intervals",3,3,4
23095594600,David G. Rand,13,12,10,2,0,0,0,1,12,13,1.0,1.0,0,1,105008878283|85101069099|85103049149|85117921915|85120323140|85120491400|85127735283|85130585909|85149118557|85163212575|85193970570|85205594046|85206618776,fixed_author_comparison_pool_120,"query-candidate articles with reviewed US sample evidence; unresolved upper counts are scenarios, not confidence intervals",3,4,7
57217457882,Gregory A. Huber,12,12,2,10,0,0,0,0,12,12,1.0,1.0,0,0,105007228428|105012258249|105013200123|85060580173|85062681263|85064539825|85097381620|85119018835|85120875984|85132896321|85183492832|85208657819,fixed_author_comparison_pool_120,"query-candidate articles with reviewed US sample evidence; unresolved upper counts are scenarios, not confidence intervals",3,5,12
12794521600,Toby Bolsen,12,11,5,6,1,0,0,0,11,12,1.0,1.0,0,0,84901037027|84943199945|85008246775|85044370343|85057148304|85062719018|85070298879|85130733510|85167408025|85209378959|85216215252|85217158927,fixed_author_comparison_pool_120,"query-candidate articles with reviewed US sample evidence; unresolved upper counts are scenarios, not confidence intervals",6,6,12
6603696960,James N. Druckman,11,11,3,8,0,0,0,0,11,11,1.0,1.0,0,0,84874501501|84943199945|84945162574|85012118612|85037698515|85044370343|85058068103|85059946018|85116875533|85160596820|85204418104,fixed_author_comparison_pool_120,"query-candidate articles with reviewed US sample evidence; unresolved upper counts are scenarios, not confidence intervals",6,7,19
16305967100,Robb Willer,11,11,6,5,0,0,0,0,11,11,1.0,1.0,0,0,105005029873|105029946035|105044369270|85052331497|85084324260|85091718485|85111979067|85120885789|85160596820|85176547661|85191915888,fixed_author_comparison_pool_120,"query-candidate articles with reviewed US sample evidence; unresolved upper counts are scenarios, not confidence intervals",6,8,19
54881904100,Nichole M. Bauer,12,10,3,7,0,2,0,0,12,12,1.0,0.833333,0,0,105005597308|105005626231|84957805398|85014540568|85043332442|85048742659|85067352245|85076027417|85076167276|85095117105|85101803291|85122780387,fixed_author_comparison_pool_120,"query-candidate articles with reviewed US sample evidence; unresolved upper counts are scenarios, not confidence intervals",9,9,12
35725744600,Sarah E. Kreps,11,10,6,4,1,0,0,0,10,11,1.0,1.0,0,1,105029190749|84995444937|84998915284|85042090180|85094221120|85125698803|85127254828|85127581823|85128583393|85165518545|85179678265,fixed_author_comparison_pool_120,"query-candidate articles with reviewed US sample evidence; unresolved upper counts are scenarios, not confidence intervals",9,10,19
37063497400,Kevin J. Mullinix,10,10,6,4,0,0,0,0,10,10,1.0,1.0,0,0,105038900974|84941353207|85012122035|85041603336|85053299605|85057578602|85059103503|85067057847|85123476525|85127190236,fixed_author_comparison_pool_120,"query-candidate articles with reviewed US sample evidence; unresolved upper counts are scenarios, not confidence intervals",9,11,29
35745930100,David Doherty,11,9,4,5,0,2,0,0,11,11,1.0,0.818182,0,0,105001650331|105007145263|105046220290|80054939891|84929578243|84930584663|84945247501|85060580173|85068049998|85069695771|85086600850,fixed_author_comparison_pool_120,"query-candidate articles with reviewed US sample evidence; unresolved upper counts are scenarios, not confidence intervals",12,12,19
24474160700,Brian R. Calfano,9,9,5,4,0,0,0,0,9,9,1.0,1.0,0,1,84887527789|84959343624|84959905263|85037647979|85053221139|85100970268|85122529325|85124994501|85146866960,fixed_author_comparison_pool_120,"query-candidate articles with reviewed US sample evidence; unresolved upper counts are scenarios, not confidence intervals",12,13,34
36775562800,Blaine G. Robbins,13,8,6,2,0,5,0,0,13,13,1.0,0.615385,0,0,105008067194|84944232504|84983314158|85033780100|85033788510|85044032298|85066959974|85089290541|85097264174|85126184203|85136531185|85197852159|85200831312,fixed_author_comparison_pool_120,"query-candidate articles with reviewed US sample evidence; unresolved upper counts are scenarios, not confidence intervals",14,14,7
7202316609,Aseem Prakash,11,8,8,0,3,0,0,0,8,11,1.0,1.0,0,0,105010226878|105033260134|105039827469|85053490407|85059252534|85087378517|85104593177|85122571011|85185836671|85193987772|85214296759,fixed_author_comparison_pool_120,"query-candidate articles with reviewed US sample evidence; unresolved upper counts are scenarios, not confidence intervals",14,15,19
57203528227,Jonathan A. Chu,11,8,8,0,1,2,0,0,10,11,1.0,0.818182,0,4,105012359420|85052060424|85103382393|85107869445|85122139505|85124121558|85124170048|85127696366|85170289998|85176924618|85206830858,fixed_author_comparison_pool_120,"query-candidate articles with reviewed US sample evidence; unresolved upper counts are scenarios, not confidence intervals",14,16,19
35759060800,Brendan Nyhan,10,8,5,3,2,0,0,0,8,10,1.0,1.0,0,2,105005845952|105015521246|80052366764|84898753023|84921984369|85047903545|85049075124|85106950513|85114350257|85182629341,fixed_author_comparison_pool_120,"query-candidate articles with reviewed US sample evidence; unresolved upper counts are scenarios, not confidence intervals",14,17,29
55603014300,Tobias Heinrich,9,8,6,2,0,1,0,0,9,9,1.0,0.888889,0,1,85029279527|85042721612|85078201451|85109308295|85109571277|85133919585|85188096695|85193946140|85200455835,fixed_author_comparison_pool_120,"query-candidate articles with reviewed US sample evidence; unresolved upper counts are scenarios, not confidence intervals",14,18,34
56556884300,Ryan Brutger,9,8,6,2,0,1,0,0,9,9,1.0,0.888889,0,2,85046533072|85096694153|85129014294|85129300276|85130898035|85131738044|85198952844|85216353783|85218245112,fixed_author_comparison_pool_120,"query-candidate articles with reviewed US sample evidence; unresolved upper counts are scenarios, not confidence intervals",14,19,34
49861923700,Ariela Schachter,8,8,7,1,0,0,0,0,8,8,1.0,1.0,0,0,84989249038|85053749730|85060845910|85106197207|85140292533|85174683248|85175416392|85204053529,fixed_author_comparison_pool_120,"query-candidate articles with reviewed US sample evidence; unresolved upper counts are scenarios, not confidence intervals",14,20,47
57952558700,Peter T. McLaughlin,8,8,2,6,0,0,0,0,8,8,1.0,1.0,0,0,105001651117|105005085445|105019586030|105021982298|85141125749|85159180192|85178047069|85219694487,fixed_author_comparison_pool_120,"query-candidate articles with reviewed US sample evidence; unresolved upper counts are scenarios, not confidence intervals",14,21,47
7003787305,Gregg G. Van Ryzin,13,7,5,2,1,4,0,1,11,13,1.0,0.692308,0,1,84878955277|84884806119|84908554750|84918780367|84963994831|85014596724|85038355714|85067581830|85087950052|85089815116|85096111198|85104756695|85112316568,fixed_author_comparison_pool_120,"query-candidate articles with reviewed US sample evidence; unresolved upper counts are scenarios, not confidence intervals",22,22,7
24168107200,Yusaku Horiuchi,13,7,4,3,6,0,0,0,7,13,1.0,1.0,0,0,105030588739|105042398599|85039933179|85052643404|85055870318|85062479527|85067962902|85115188399|85123926675|85125415127|85136473193|85145327725|85145409036,fixed_author_comparison_pool_120,"query-candidate articles with reviewed US sample evidence; unresolved upper counts are scenarios, not confidence intervals",22,23,7
14034772300,Jason Reifler,11,7,3,4,3,0,0,1,7,11,1.0,1.0,0,2,105008461820|105027197362|84891494021|84921984369|85106697357|85124140550|85147720720|85162185399|85170631568|85174056404|85213442851,fixed_author_comparison_pool_120,"query-candidate articles with reviewed US sample evidence; unresolved upper counts are scenarios, not confidence intervals",22,24,19
38061940400,Justin T. Pickett,10,7,4,3,0,2,0,1,9,10,1.0,0.8,0,0,105001077495|105005805574|85017479115|85030544249|85060884767|85091202562|85092499524|85099391391|85190319537|85217932803,fixed_author_comparison_pool_120,"query-candidate articles with reviewed US sample evidence; unresolved upper counts are scenarios, not confidence intervals",22,25,29
35183713000,Efrén O. Pérez,9,7,2,5,2,0,0,0,7,9,1.0,1.0,0,0,105029060592|84890418441|84955616709|85021736860|85066605513|85127783017|85139216162|85148945547|85162677133,fixed_author_comparison_pool_120,"query-candidate articles with reviewed US sample evidence; unresolved upper counts are scenarios, not confidence intervals",22,26,34
55612017400,Erik Peterson,9,7,1,6,0,2,0,0,9,9,1.0,0.777778,0,0,105001820017|105003759877|85053665784|85064805724|85099984460|85118939204|85125920680|85205529418|85216671878,fixed_author_comparison_pool_120,"query-candidate articles with reviewed US sample evidence; unresolved upper counts are scenarios, not confidence intervals",22,27,34
56611317200,John V. Kane,9,7,2,5,0,1,0,1,8,9,1.0,0.888889,0,0,85033714347|85051013258|85061188236|85067402720|85076495848|85159594856|85180219290|85185575879|85205118689,fixed_author_comparison_pool_120,"query-candidate articles with reviewed US sample evidence; unresolved upper counts are scenarios, not confidence intervals",22,28,34
56590030100,Alexander Coppock,8,7,3,4,0,0,0,1,7,8,1.0,1.0,0,0,85020522370|85041537528|85044846087|85057578602|85060859151|85125280963|85125774527|85141907351,fixed_author_comparison_pool_120,"query-candidate articles with reviewed US sample evidence; unresolved upper counts are scenarios, not confidence intervals",22,29,47
57220041117,Ondřej Rosendorf,8,7,7,0,1,0,0,0,7,8,1.0,1.0,0,4,105012748003|105029692176|105034913587|85130612333|85138434242|85150347085|85172783788|85201275085,fixed_author_comparison_pool_120,"query-candidate articles with reviewed US sample evidence; unresolved upper counts are scenarios, not confidence intervals",22,30,47
25226021600,Jonathon P. Schuldt,7,7,7,0,0,0,0,0,7,7,1.0,1.0,0,1,105000414839|84922814039|84960092229|84961187162|85007439389|85019749197|85167522555,fixed_author_comparison_pool_120,"query-candidate articles with reviewed US sample evidence; unresolved upper counts are scenarios, not confidence intervals",22,31,67
25654666600,Cheryl Boudreau,7,7,5,2,0,0,0,0,7,7,1.0,1.0,0,0,105040346734|84891492083|85047666016|85050296213|85101015159|85174000856|85202761631,fixed_author_comparison_pool_120,"query-candidate articles with reviewed US sample evidence; unresolved upper counts are scenarios, not confidence intervals",22,32,67
35233806200,Scott A. MacKenzie,7,7,5,2,0,0,0,0,7,7,1.0,1.0,0,0,105040346734|84891492083|85047666016|85050296213|85101015159|85174000856|85202761631,fixed_author_comparison_pool_120,"query-candidate articles with reviewed US sample evidence; unresolved upper counts are scenarios, not confidence intervals",22,33,67
36713939500,Paul Musgrave,7,7,6,1,0,0,0,0,7,7,1.0,1.0,0,0,105000221636|105011632356|105025976814|105039310829|85127296015|85145200849|85168004718,fixed_author_comparison_pool_120,"query-candidate articles with reviewed US sample evidence; unresolved upper counts are scenarios, not confidence intervals",22,34,67
55454468300,Tatishe M. Nteta,7,7,1,6,0,0,0,0,7,7,1.0,1.0,0,0,105026699333|84981249322|85011497605|85047444290|85081592258|85123914954|85130062680,fixed_author_comparison_pool_120,"query-candidate articles with reviewed US sample evidence; unresolved upper counts are scenarios, not confidence intervals",22,35,67
23479932300,Erik Lin-Greenberg,7,6,6,0,0,1,0,0,7,7,1.0,0.857143,0,1,85066842117|85100751141|85106419798|85131596715|85144972223|85190436333|85208237881,fixed_author_comparison_pool_120,"query-candidate articles with reviewed US sample evidence; unresolved upper counts are scenarios, not confidence intervals",36,36,67
55175754800,Leah Christiani,7,6,2,4,0,1,0,0,7,7,1.0,0.857143,0,0,105001722280|105047382392|85102991968|85143607111|85179965686|85193006917|85208781552,fixed_author_comparison_pool_120,"query-candidate articles with reviewed US sample evidence; unresolved upper counts are scenarios, not confidence intervals",36,37,67
55461249300,Craig M. Burnett,7,6,1,5,0,1,0,0,7,7,1.0,0.857143,0,0,105008319657|84868652825|84901278220|84922321696|84922883219|85048745799|85101964602,fixed_author_comparison_pool_120,"query-candidate articles with reviewed US sample evidence; unresolved upper counts are scenarios, not confidence intervals",36,38,67
55636964600,Long Doan,7,6,3,3,0,1,0,0,7,7,1.0,0.857143,0,0,105042340289|84911475468|84943222917|85052633160|85089319442|85095133927|85126304810,fixed_author_comparison_pool_120,"query-candidate articles with reviewed US sample evidence; unresolved upper counts are scenarios, not confidence intervals",36,39,67
57188971604,Sarah R. Maxey,7,6,0,6,0,1,0,0,7,7,1.0,0.857143,0,0,105010718991|105011333746|85042090180|85067897137|85091439364|85117594438|85135349631,fixed_author_comparison_pool_120,"query-candidate articles with reviewed US sample evidence; unresolved upper counts are scenarios, not confidence intervals",36,40,67
16029149900,Niederdeppe J.,6,6,4,2,0,0,0,0,6,6,1.0,1.0,0,0,84891364778|84895906473|84955165916|85032820440|85073105603|85184585795,fixed_author_comparison_pool_120,"query-candidate articles with reviewed US sample evidence; unresolved upper counts are scenarios, not confidence intervals",36,41,96
14832646600,Robin E. Gearing,11,5,5,0,6,0,0,0,5,11,1.0,1.0,0,1,105010461822|105011988550|105019345621|84871858111|84876049317|85100598411|85134747070|85145825392|85147143671|85174071113|85205574905,fixed_author_comparison_pool_120,"query-candidate articles with reviewed US sample evidence; unresolved upper counts are scenarios, not confidence intervals",42,42,19
36159270600,Teppei Yamamoto,10,5,2,3,2,2,0,1,7,10,1.0,0.8,0,0,105001181982|84892498539|84923552574|85041214633|85052643404|85065436110|85107306214|85115188399|85171738080|85172870189,fixed_author_comparison_pool_120,"query-candidate articles with reviewed US sample evidence; unresolved upper counts are scenarios, not confidence intervals",42,43,29
57203434746,Liam F. Beiser-McGrath,8,5,5,0,3,0,0,0,5,8,1.0,1.0,0,3,105040952337|84975789795|85062085474|85109104338|85111099207|85124196620|85179742651|85214294509,fixed_author_comparison_pool_120,"query-candidate articles with reviewed US sample evidence; unresolved upper counts are scenarios, not confidence intervals",42,44,47
6505910383,Michael Tomz,7,5,5,0,0,1,0,1,6,7,1.0,0.857143,0,1,105014100991|105018760904|85076169910|85077074496|85116162897|85177488077|85185948624,fixed_author_comparison_pool_120,"query-candidate articles with reviewed US sample evidence; unresolved upper counts are scenarios, not confidence intervals",42,45,67
56329786700,Joshua Robison,7,5,3,2,2,0,0,0,5,7,1.0,1.0,0,1,105041066983|84941353207|85091048531|85091348291|85101177545|85129722512|85210069567,fixed_author_comparison_pool_120,"query-candidate articles with reviewed US sample evidence; unresolved upper counts are scenarios, not confidence intervals",42,46,67
57220203816,Kaylyn Jackson Schiff,7,5,4,1,0,2,0,0,7,7,1.0,0.714286,0,0,105000168854|105015105489|85171793730|85172898837|85174855421|85186617417|85211161731,fixed_author_comparison_pool_120,"query-candidate articles with reviewed US sample evidence; unresolved upper counts are scenarios, not confidence intervals",42,47,67
7801629573,Gollust S.E.,6,5,2,3,0,1,0,0,6,6,1.0,0.833333,0,0,84855649978|84922827993|85032820440|85053865862|85135189737|85135896966,fixed_author_comparison_pool_120,"query-candidate articles with reviewed US sample evidence; unresolved upper counts are scenarios, not confidence intervals",42,48,96
57193195374,Kingsland J.T.,6,5,2,3,0,1,0,0,6,6,1.0,0.833333,0,0,105041076928|85062719018|85070298879|85097405858|85116111950|85130733510,fixed_author_comparison_pool_120,"query-candidate articles with reviewed US sample evidence; unresolved upper counts are scenarios, not confidence intervals",42,49,96
24339564700,David A. Steinberg,8,4,4,0,4,0,0,0,4,8,1.0,1.0,0,1,105014746447|105018624506|105035324372|85082410038|85131571257|85168483699|85198928846|85198999643,fixed_author_comparison_pool_120,"query-candidate articles with reviewed US sample evidence; unresolved upper counts are scenarios, not confidence intervals",50,50,47
55672957800,Michal Smetana,8,4,4,0,4,0,0,0,4,8,1.0,1.0,0,3,105002305507|105012748003|105034913587|85135789153|85138434242|85150347085|85185289779|85201275085,fixed_author_comparison_pool_120,"query-candidate articles with reviewed US sample evidence; unresolved upper counts are scenarios, not confidence intervals",50,51,47
56534303500,Anthony Kevins,8,4,4,0,4,0,0,0,4,8,1.0,1.0,0,1,105015216506|105041066983|85048299227|85090934478|85091348291|85115789865|85132885156|85210069567,fixed_author_comparison_pool_120,"query-candidate articles with reviewed US sample evidence; unresolved upper counts are scenarios, not confidence intervals",50,52,47
57211410814,Hunter M. Boehme,8,4,3,1,0,4,0,0,8,8,1.0,0.5,0,0,105011656970|105021850455|105032210380|105034351804|105034680050|85166000414|85172009271|85196196052,fixed_author_comparison_pool_120,"query-candidate articles with reviewed US sample evidence; unresolved upper counts are scenarios, not confidence intervals",50,53,47
24554597700,Geoffrey P. R. Wallace,7,4,4,0,2,1,0,0,5,7,1.0,0.857143,0,1,84943355793|84995444937|85053519754|85061209721|85063107433|85138250666|85208680176,fixed_author_comparison_pool_120,"query-candidate articles with reviewed US sample evidence; unresolved upper counts are scenarios, not confidence intervals",50,54,67
6601956224,John Gastil,6,4,3,1,0,2,0,0,6,6,1.0,0.666667,0,0,105024003881|85044835879|85052006071|85065670412|85112265805|85165893967,fixed_author_comparison_pool_120,"query-candidate articles with reviewed US sample evidence; unresolved upper counts are scenarios, not confidence intervals",50,55,96
6602533817,Jonas Tallberg,6,4,4,0,2,0,0,0,4,6,1.0,1.0,0,4,105012399638|105022218358|85063328286|85079670115|85143234663|85213405493,fixed_author_comparison_pool_120,"query-candidate articles with reviewed US sample evidence; unresolved upper counts are scenarios, not confidence intervals",50,56,96
35727190200,Nagler R.H.,6,4,4,0,0,2,0,0,6,6,1.0,0.666667,0,0,85063166355|85122303516|85135189737|85171600308|85216006550|86000382291,fixed_author_comparison_pool_120,"query-candidate articles with reviewed US sample evidence; unresolved upper counts are scenarios, not confidence intervals",50,57,96
16023197400,Wojcieszak M.,5,4,4,0,0,1,0,0,5,5,1.0,0.8,0,1,105020833070|105022440662|84939186199|85098748664|85195603094,fixed_author_comparison_pool_120,"query-candidate articles with reviewed US sample evidence; unresolved upper counts are scenarios, not confidence intervals",50,58,111
56734108300,Mogens Jin Pedersen,12,3,3,0,7,2,0,0,5,12,1.0,0.833333,0,0,105005574189|84940214050|84975770291|85037044153|85038356713|85040459526|85054474475|85074017190|85167655087|85183015664|85183977264|85212439594,fixed_author_comparison_pool_120,"query-candidate articles with reviewed US sample evidence; unresolved upper counts are scenarios, not confidence intervals",59,59,12
36676605900,Gabriele Spilker,8,3,3,0,4,1,0,0,4,8,1.0,0.875,0,1,85020961104|85074743455|85086771184|85132650412|85136587321|85203853246|85207258086|85219489421,fixed_author_comparison_pool_120,"query-candidate articles with reviewed US sample evidence; unresolved upper counts are scenarios, not confidence intervals",59,60,47
57203655130,Kathleen Searles,8,3,1,2,0,5,0,0,8,8,1.0,0.375,0,0,105005626231|105012355723|77956761607|84995760092|85047370379|85055564646|85114860836|85138320659,fixed_author_comparison_pool_120,"query-candidate articles with reviewed US sample evidence; unresolved upper counts are scenarios, not confidence intervals",59,61,47
7401620196,Daniel M. Butler,7,3,1,2,1,3,0,0,6,7,1.0,0.571429,0,0,84897032731|84929260244|84938501817|84992092827|85121376619|85127315034|85188521838,fixed_author_comparison_pool_120,"query-candidate articles with reviewed US sample evidence; unresolved upper counts are scenarios, not confidence intervals",59,62,67
35784707400,Susan M. Miller,7,3,1,2,0,4,0,0,7,7,1.0,0.428571,0,0,85064259638|85067395049|85077022750|85127205226|85137333494|85162955443|85197616759,fixed_author_comparison_pool_120,"query-candidate articles with reviewed US sample evidence; unresolved upper counts are scenarios, not confidence intervals",59,63,67
55494876700,David R. Miller,7,3,1,2,0,4,0,0,7,7,1.0,0.428571,0,0,105019368716|85106176160|85126450365|85149816643|85191602397|85192145575|85212059156,fixed_author_comparison_pool_120,"query-candidate articles with reviewed US sample evidence; unresolved upper counts are scenarios, not confidence intervals",59,64,67
56354967100,Donald P. Moynihan,7,3,1,2,1,3,0,0,6,7,1.0,0.571429,0,0,105018094455|105018714689|105023686741|105038401018|105041780221|84944081200|85019676280,fixed_author_comparison_pool_120,"query-candidate articles with reviewed US sample evidence; unresolved upper counts are scenarios, not confidence intervals",59,65,67
57188880644,Lauren Sukin,7,3,3,0,3,1,0,0,4,7,1.0,0.857143,0,1,105035726373|105039309580|105045424436|85067788122|85077144076|85147286875|85189699546,fixed_author_comparison_pool_120,"query-candidate articles with reviewed US sample evidence; unresolved upper counts are scenarios, not confidence intervals",59,66,67
6602698051,Giuliano Bonoli,6,3,3,0,3,0,0,0,3,6,1.0,1.0,0,3,85096834370|85111715301|85113190278|85124909847|85199078378|85212286208,fixed_author_comparison_pool_120,"query-candidate articles with reviewed US sample evidence; unresolved upper counts are scenarios, not confidence intervals",59,67,96
7006126634,André Blais,6,3,2,1,3,0,0,0,3,6,1.0,1.0,0,1,85078899431|85088578914|85108140441|85120876506|85160106921|85201964089,fixed_author_comparison_pool_120,"query-candidate articles with reviewed US sample evidence; unresolved upper counts are scenarios, not confidence intervals",59,68,96
8967284700,Barry C.L.,4,3,2,1,0,1,0,0,4,4,1.0,0.75,0,0,84895906473|84920264253|84938826081|85027916630,fixed_author_comparison_pool_120,"query-candidate articles with reviewed US sample evidence; unresolved upper counts are scenarios, not confidence intervals",59,69,115
23010864600,Samuel Whitt,12,2,2,0,10,0,0,0,2,12,1.0,1.0,0,1,105000519465|105002134171|105003442248|105024217606|105041965396|85071419972|85099962519|85108557459|85132755374|85216104420|85216486046|85216620221,fixed_author_comparison_pool_120,"query-candidate articles with reviewed US sample evidence; unresolved upper counts are scenarios, not confidence intervals",70,70,12
57205672554,Seiki Tanaka,10,2,2,0,8,0,0,0,2,10,1.0,1.0,0,2,84978085703|84992655159|85061035641|85069886131|85101215653|85118477821|85126806972|85138248657|85158112186|85206340986,fixed_author_comparison_pool_120,"query-candidate articles with reviewed US sample evidence; unresolved upper counts are scenarios, not confidence intervals",70,71,29
35492113000,Thomas Zeitzoff,9,2,2,0,7,0,0,0,2,9,1.0,1.0,0,0,105026243740|85020188394|85042184003|85047903545|85049075124|85068387044|85069682610|85078960506|85183616534,fixed_author_comparison_pool_120,"query-candidate articles with reviewed US sample evidence; unresolved upper counts are scenarios, not confidence intervals",70,72,34
56448439600,Selim Erdem Aytaç,9,2,2,0,7,0,0,0,2,9,1.0,1.0,0,0,105002982634|105018624506|85019041831|85053017516|85057946678|85101463174|85109276344|85115941650|85168483699,fixed_author_comparison_pool_120,"query-candidate articles with reviewed US sample evidence; unresolved upper counts are scenarios, not confidence intervals",70,73,34
55917294300,Atsushi Tago,8,2,1,1,6,0,0,0,2,8,1.0,1.0,0,1,105042398599|84924257526|84980398257|85061912024|85071196692|85113720597|85131524653|85176012765,fixed_author_comparison_pool_120,"query-candidate articles with reviewed US sample evidence; unresolved upper counts are scenarios, not confidence intervals",70,74,47
42161868700,Atte Oksanen,7,2,2,0,5,0,0,0,2,7,1.0,1.0,0,2,85061311427|85076359084|85083720807|85101022632|85146083795|85175177312|85194493858,fixed_author_comparison_pool_120,"query-candidate articles with reviewed US sample evidence; unresolved upper counts are scenarios, not confidence intervals",70,75,67
55135830500,Gábor Simonovits,7,2,1,1,2,1,0,2,3,7,1.0,0.857143,0,0,105018681448|84907224761|84929675895|84946492047|84976408149|85029796805|85127649210,fixed_author_comparison_pool_120,"query-candidate articles with reviewed US sample evidence; unresolved upper counts are scenarios, not confidence intervals",70,76,67
56868425000,Kai Quek,7,2,2,0,5,0,0,0,2,7,1.0,1.0,0,1,105013279686|105031363663|85033378563|85066606469|85126369047|85127895187|85186262055,fixed_author_comparison_pool_120,"query-candidate articles with reviewed US sample evidence; unresolved upper counts are scenarios, not confidence intervals",70,77,67
57206937457,Azusa Uji,7,2,2,0,5,0,0,0,2,7,1.0,1.0,0,0,105010226878|85096219826|85109104338|85122571011|85146502704|85193987772|85214296759,fixed_author_comparison_pool_120,"query-candidate articles with reviewed US sample evidence; unresolved upper counts are scenarios, not confidence intervals",70,78,67
7102332636,Oliver James,6,2,2,0,1,2,0,1,4,6,1.0,0.666667,0,0,85014596724|85038355714|85088856469|85089985354|85095755893|85101865548,fixed_author_comparison_pool_120,"query-candidate articles with reviewed US sample evidence; unresolved upper counts are scenarios, not confidence intervals",70,79,96
16066752900,Aharoni E.,6,2,2,0,0,4,0,0,6,6,1.0,0.333333,0,0,85057293626|85089124721|85120438138|85132734289|85159865660|85205233423,fixed_author_comparison_pool_120,"query-candidate articles with reviewed US sample evidence; unresolved upper counts are scenarios, not confidence intervals",70,80,96
56180409500,Banda K.K.,6,2,0,2,0,4,0,0,6,6,1.0,0.333333,0,0,84928809792|84991766097|85045027073|85065410868|85068611268|85071449219,fixed_author_comparison_pool_120,"query-candidate articles with reviewed US sample evidence; unresolved upper counts are scenarios, not confidence intervals",70,81,96
56394620600,Kiratli O.S.,6,2,2,0,3,1,0,0,3,6,1.0,0.833333,0,1,105019246500|85075140130|85089676686|85124711493|85146277524|85182157282,fixed_author_comparison_pool_120,"query-candidate articles with reviewed US sample evidence; unresolved upper counts are scenarios, not confidence intervals",70,82,96
57188590875,Muradova L.,5,2,2,0,3,0,0,0,2,5,1.0,1.0,0,2,105001950359|85118588761|85143763291|85144766986|85183505722,fixed_author_comparison_pool_120,"query-candidate articles with reviewed US sample evidence; unresolved upper counts are scenarios, not confidence intervals",70,83,111
55319086800,Cabrera L.Y.,4,2,2,0,0,2,0,0,4,4,1.0,0.5,0,0,105004829427|85147352823|85162724492|85206878187,fixed_author_comparison_pool_120,"query-candidate articles with reviewed US sample evidence; unresolved upper counts are scenarios, not confidence intervals",70,84,115
57190437914,Yang J.,2,2,2,0,0,0,0,0,2,2,1.0,1.0,0,0,105024319232|85115869196,fixed_author_comparison_pool_120,"query-candidate articles with reviewed US sample evidence; unresolved upper counts are scenarios, not confidence intervals",70,85,119
25224644900,Rasmus Tue Pedersen,14,1,1,0,8,5,0,0,6,14,1.0,0.642857,0,0,105019779764|105040241040|85034662474|85046645518|85061936887|85068002083|85070986430|85071235282|85083358513|85083672997|85110876599|85125441524|85196067903|85214572618,fixed_author_comparison_pool_120,"query-candidate articles with reviewed US sample evidence; unresolved upper counts are scenarios, not confidence intervals",86,86,4
35309171200,Martin Bækgaard,14,1,1,0,12,0,0,1,1,14,1.0,1.0,0,1,105010591172|84931077293|84931440609|84940822479|84977676153|84980034387|85019021043|85059905845|85063679523|85067407501|85073946170|85103173621|85118144335|85175738454,fixed_author_comparison_pool_120,"query-candidate articles with reviewed US sample evidence; unresolved upper counts are scenarios, not confidence intervals",86,87,4
35861891200,Matthew S. Winters,11,1,1,0,10,0,0,0,1,11,1.0,1.0,0,1,105001850441|105012597345|84962730593|84967215008|85012297251|85019456641|85035364736|85073767137|85102071850|85152296772|85160547976,fixed_author_comparison_pool_120,"query-candidate articles with reviewed US sample evidence; unresolved upper counts are scenarios, not confidence intervals",86,88,19
57190806413,Lukas Rudolph,11,1,1,0,10,0,0,0,1,11,1.0,1.0,0,1,105006801172|105027329225|105039204587|105043412577|85119401868|85119426755|85159334579|85159582567|85166589138|85188604798|85207749628,fixed_author_comparison_pool_120,"query-candidate articles with reviewed US sample evidence; unresolved upper counts are scenarios, not confidence intervals",86,89,19
55746145800,Stijn Baert,9,1,1,0,7,1,0,0,2,9,1.0,0.888889,0,1,105010332441|105047190761|84908021986|85056907668|85081613400|85087287708|85165352675|85202899391|85215433861,fixed_author_comparison_pool_120,"query-candidate articles with reviewed US sample evidence; unresolved upper counts are scenarios, not confidence intervals",86,90,34
57189074265,Honorata Mazepus,9,1,1,0,8,0,0,0,1,9,1.0,1.0,0,1,105025108627|105025248279|105027159077|105029985491|85070813530|85121452284|85147434032|85150819039|85214354427,fixed_author_comparison_pool_120,"query-candidate articles with reviewed US sample evidence; unresolved upper counts are scenarios, not confidence intervals",86,91,34
15757402700,Peter John Loewen,8,1,1,0,6,1,0,0,2,8,1.0,0.875,0,0,105007427471|105029615177|105032149587|105033577491|84857236813|85047792819|85125126673|85147209656,fixed_author_comparison_pool_120,"query-candidate articles with reviewed US sample evidence; unresolved upper counts are scenarios, not confidence intervals",86,92,47
57226018577,Christopher Hoy,8,1,1,0,6,1,0,0,2,8,1.0,0.875,0,1,105001939816|85118791111|85119058426|85119060624|85119977511|85142142962|85199252364|85208275570,fixed_author_comparison_pool_120,"query-candidate articles with reviewed US sample evidence; unresolved upper counts are scenarios, not confidence intervals",86,93,47
22836955000,Jeroen van der Waal,7,1,1,0,6,0,0,0,1,7,1.0,1.0,0,0,105037057133|85121628744|85142750388|85169836117|85176231377|85176392346|85192535937,fixed_author_comparison_pool_120,"query-candidate articles with reviewed US sample evidence; unresolved upper counts are scenarios, not confidence intervals",86,94,67
56196951600,Omer Yair,7,1,0,1,6,0,0,0,1,7,1.0,1.0,0,1,105047461442|85087093352|85122479991|85143226704|85162663710|85186427431|86000748753,fixed_author_comparison_pool_120,"query-candidate articles with reviewed US sample evidence; unresolved upper counts are scenarios, not confidence intervals",86,95,67
56924059300,Xiaojun Li,7,1,1,0,6,0,0,0,1,7,1.0,1.0,0,0,105000547426|105045518046|85046690233|85062659420|85076712061|85082114477|85183561559,fixed_author_comparison_pool_120,"query-candidate articles with reviewed US sample evidence; unresolved upper counts are scenarios, not confidence intervals",86,96,67
57201338729,Merkley E.,6,1,1,0,3,2,0,0,3,6,1.0,0.666667,0,0,105029615177|85083238041|85101329581|85114635657|85125126673|85213049466,fixed_author_comparison_pool_120,"query-candidate articles with reviewed US sample evidence; unresolved upper counts are scenarios, not confidence intervals",86,97,96
16244346100,Caillier J.G.,4,1,0,1,0,3,0,0,4,4,1.0,0.25,0,0,85138294292|85152024166|85170831794|85196301348,fixed_author_comparison_pool_120,"query-candidate articles with reviewed US sample evidence; unresolved upper counts are scenarios, not confidence intervals",86,98,115
57203170141,Niels Bjørn Grund Petersen,15,0,0,0,14,1,0,0,1,15,1.0,0.933333,0,0,105002152711|105024555682|105040241040|85062262291|85067407501|85074029219|85076524004|85087880256|85091181242|85092586367|85110788543|85174613687|85186919352|85214572618|86000435450,fixed_author_comparison_pool_120,"query-candidate articles with reviewed US sample evidence; unresolved upper counts are scenarios, not confidence intervals",99,99,3
37065230200,Markus Wagner,13,0,0,0,12,1,0,0,1,13,1.0,0.923077,0,0,105014927185|105018032059|105048098704|84927910242|85041617753|85065801512|85092367680|85102185208|85170705867|85174062271|85175473443|85175495163|85193819898,fixed_author_comparison_pool_120,"query-candidate articles with reviewed US sample evidence; unresolved upper counts are scenarios, not confidence intervals",99,100,7
7006059165,Maykel Verkuyten,12,0,0,0,11,1,0,0,1,12,1.0,0.916667,0,0,84878661854|84894591630|84922551432|84943817918|84989282236|85041371053|85073950357|85075548198|85131358788|85133968124|85140277195|85140278720,fixed_author_comparison_pool_120,"query-candidate articles with reviewed US sample evidence; unresolved upper counts are scenarios, not confidence intervals",99,101,12
55091186500,Yoshikuni Ono,12,0,0,0,10,2,0,0,2,12,1.0,0.833333,0,0,105000131600|105009206681|105009501936|105021366057|105040509962|85054952173|85113817293|85129159055|85135896371|85136473193|85186447775|85219095528,fixed_author_comparison_pool_120,"query-candidate articles with reviewed US sample evidence; unresolved upper counts are scenarios, not confidence intervals",99,102,12
17345249500,Martin Abraham,9,0,0,0,8,1,0,0,1,9,1.0,0.888889,0,0,77955164049|84861746768|84872322437|84960115436|84975048512|85071372063|85131278479|85144761803|85176382083,fixed_author_comparison_pool_120,"query-candidate articles with reviewed US sample evidence; unresolved upper counts are scenarios, not confidence intervals",99,103,34
23982874600,Ulf Liebe,9,0,0,0,8,0,0,1,0,9,1.0,1.0,0,0,105039696438|80051637855|84907487526|85018788745|85049693637|85077691868|85084071067|85092904088|85162979593,fixed_author_comparison_pool_120,"query-candidate articles with reviewed US sample evidence; unresolved upper counts are scenarios, not confidence intervals",99,104,34
57191360465,Jinfeng Zhang,9,0,0,0,7,2,0,0,2,9,1.0,0.777778,0,0,105001127398|105046162689|85129226690|85158001358|85160835182|85161446266|85176725704|85205257452|85215379642,fixed_author_comparison_pool_120,"query-candidate articles with reviewed US sample evidence; unresolved upper counts are scenarios, not confidence intervals",99,105,34
17345075500,Katrin Auspurg,8,0,0,0,5,1,0,2,1,8,1.0,0.875,0,0,80051637855|84897780635|84973462486|85011629108|85012893728|85024131036|85045341632|85204086208,fixed_author_comparison_pool_120,"query-candidate articles with reviewed US sample evidence; unresolved upper counts are scenarios, not confidence intervals",99,106,47
50861069700,Sveinung Arnesen,8,0,0,0,6,2,0,0,2,8,1.0,0.75,0,0,105042642663|85019003064|85041497842|85042078394|85056201830|85101368479|85160802270|85199980210,fixed_author_comparison_pool_120,"query-candidate articles with reviewed US sample evidence; unresolved upper counts are scenarios, not confidence intervals",99,107,47
56689411500,Mette Kjærgaard Thomsen,8,0,0,0,5,3,0,0,3,8,1.0,0.625,0,0,105035149198|85084494184|85096893189|85103173621|85151429736|85166922041|85168585934|85175738454,fixed_author_comparison_pool_120,"query-candidate articles with reviewed US sample evidence; unresolved upper counts are scenarios, not confidence intervals",99,108,47
57196390820,Robin Devroe,8,0,0,0,8,0,0,0,0,8,1.0,1.0,0,0,105029224931|85045047689|85056771847|85075750267|85085952101|85094558347|85134236669|85195873095,fixed_author_comparison_pool_120,"query-candidate articles with reviewed US sample evidence; unresolved upper counts are scenarios, not confidence intervals",99,109,47
57200795890,Niloufer A. Siddiqui,8,0,0,0,8,0,0,0,0,8,1.0,1.0,0,0,105004032663|84978176832|85063151938|85077597096|85101050843|85127841667|85128241944|85193752111,fixed_author_comparison_pool_120,"query-candidate articles with reviewed US sample evidence; unresolved upper counts are scenarios, not confidence intervals",99,110,47
57226745341,Li Shao,8,0,0,0,8,0,0,0,0,8,1.0,1.0,0,0,85052056398|85077113602|85113622220|85146218802|85150416542|85168162046|85183863367|85189611762,fixed_author_comparison_pool_120,"query-candidate articles with reviewed US sample evidence; unresolved upper counts are scenarios, not confidence intervals",99,111,47
7003772257,Thomas Hinz,7,0,0,0,6,1,0,0,1,7,1.0,0.857143,0,0,77955164049|84897780635|85075374121|85147713538|85156243509|85185333173|85216288234,fixed_author_comparison_pool_120,"query-candidate articles with reviewed US sample evidence; unresolved upper counts are scenarios, not confidence intervals",99,112,67
56063862300,Sebastian Sattler,7,0,0,0,7,0,0,0,0,7,1.0,1.0,0,0,105036072221|105039779372|84881086329|84894064305|85019942117|85146833340|85150666256,fixed_author_comparison_pool_120,"query-candidate articles with reviewed US sample evidence; unresolved upper counts are scenarios, not confidence intervals",99,113,67
57264879500,Senhu Wang,7,0,0,0,7,0,0,0,0,7,1.0,1.0,0,0,105031085870|105044996889|85117389176|85123945835|85147509395|85178944816|85209705929,fixed_author_comparison_pool_120,"query-candidate articles with reviewed US sample evidence; unresolved upper counts are scenarios, not confidence intervals",99,114,67
36196237600,Balcells L.,6,0,0,0,6,0,0,0,0,6,1.0,1.0,0,0,105003059726|105012502605|105039068556|84890164457|84938819185|85121049446,fixed_author_comparison_pool_120,"query-candidate articles with reviewed US sample evidence; unresolved upper counts are scenarios, not confidence intervals",99,115,96
57194393515,Ventura T.,6,0,0,0,5,1,0,0,1,6,1.0,0.833333,0,0,105000531734|105002151721|105005410949|85108077988|85162949347|85184683757,fixed_author_comparison_pool_120,"query-candidate articles with reviewed US sample evidence; unresolved upper counts are scenarios, not confidence intervals",99,116,96
6603559510,Turgeon M.,5,0,0,0,4,1,0,0,1,5,1.0,0.8,0,0,105044141502|85103989954|85192081135|85205391449|85213031996,fixed_author_comparison_pool_120,"query-candidate articles with reviewed US sample evidence; unresolved upper counts are scenarios, not confidence intervals",99,117,111
26036187400,Lecheler S.,5,0,0,0,2,3,0,0,3,5,1.0,0.4,0,0,105009529125|84938421606|85096343184|85148084584|85162699203,fixed_author_comparison_pool_120,"query-candidate articles with reviewed US sample evidence; unresolved upper counts are scenarios, not confidence intervals",99,118,111
6603030334,de Vreese C.,3,0,0,0,0,3,0,0,3,3,1.0,0.0,0,0,105019107189|84858188882|85011573622,fixed_author_comparison_pool_120,"query-candidate articles with reviewed US sample evidence; unresolved upper counts are scenarios, not confidence intervals",99,119,118
25422239000,Pagliaro S.,2,0,0,0,1,1,0,0,1,2,1.0,0.5,0,0,85089395177|85108453160,fixed_author_comparison_pool_120,"query-candidate articles with reviewed US sample evidence; unresolved upper counts are scenarios, not confidence intervals",99,120,119
